CREATE DATABASE  IF NOT EXISTS `jobtek` /*!40100 DEFAULT CHARACTER SET utf8 */;
USE `jobtek`;
-- MySQL dump 10.13  Distrib 5.7.17, for Win64 (x86_64)
--
-- Host: localhost    Database: jobtek
-- ------------------------------------------------------
-- Server version	5.7.21-log

/*!40101 SET @OLD_CHARACTER_SET_CLIENT=@@CHARACTER_SET_CLIENT */;
/*!40101 SET @OLD_CHARACTER_SET_RESULTS=@@CHARACTER_SET_RESULTS */;
/*!40101 SET @OLD_COLLATION_CONNECTION=@@COLLATION_CONNECTION */;
/*!40101 SET NAMES utf8 */;
/*!40103 SET @OLD_TIME_ZONE=@@TIME_ZONE */;
/*!40103 SET TIME_ZONE='+00:00' */;
/*!40014 SET @OLD_UNIQUE_CHECKS=@@UNIQUE_CHECKS, UNIQUE_CHECKS=0 */;
/*!40014 SET @OLD_FOREIGN_KEY_CHECKS=@@FOREIGN_KEY_CHECKS, FOREIGN_KEY_CHECKS=0 */;
/*!40101 SET @OLD_SQL_MODE=@@SQL_MODE, SQL_MODE='NO_AUTO_VALUE_ON_ZERO' */;
/*!40111 SET @OLD_SQL_NOTES=@@SQL_NOTES, SQL_NOTES=0 */;

--
-- Table structure for table `__migrationhistory`
--

DROP TABLE IF EXISTS `__migrationhistory`;
/*!40101 SET @saved_cs_client     = @@character_set_client */;
/*!40101 SET character_set_client = utf8 */;
CREATE TABLE `__migrationhistory` (
  `MigrationId` varchar(100) NOT NULL,
  `ContextKey` varchar(200) NOT NULL,
  `Model` longblob NOT NULL,
  `ProductVersion` varchar(32) NOT NULL,
  PRIMARY KEY (`MigrationId`,`ContextKey`)
) ENGINE=InnoDB DEFAULT CHARSET=utf8;
/*!40101 SET character_set_client = @saved_cs_client */;

--
-- Dumping data for table `__migrationhistory`
--

LOCK TABLES `__migrationhistory` WRITE;
/*!40000 ALTER TABLE `__migrationhistory` DISABLE KEYS */;
INSERT INTO `__migrationhistory` VALUES ('201810312003598_initial','HireMe.Migrations.Configuration','\0\0\0\0\0\0\][o\~/\ \\ڹ\Lt\I:N}hv\\+QE\>\O\_(+%K<\\"?\\\L~~\\\Sdtl\Zз\\S3F>?\?Ml\\5wF\\~45_ڜǑ=<\\n(Xxc`\\\㿍ON\01-Ø|}\x0\߂w\ЍreP5\\r\\\	\Ҋq\:\03\\4\ \\S(b\\n\X?/\\b\\6\IYq!L,cy+ᚅذர\;u\"ycä\K\b\ܐT󢋋hs\(o8JI^ܷ :)\\\n\G\,vQ©c\xc?_?=;Y\>}쳏?³HXq=\0=7*\o\ZcݘoX4ڤRX\+\4\\\k\\\\'Ӹvޠd\zp#\\]\`\\\O^O?|\\;ꬓ\\\'\\\tыI3\\Y\0\o_\\\EL\5D,wq	^-HR\\::|hNExKY	y^\r9\3QO\T#呑~/!s\rLx\\@F#\N%rD@A}\r\a\rO-4Twt\G\`2EWd{\0xݠ\bȆ/}0q\rC9M0B5Gj7;\\¶CE>8\S\?*9	/KK<:^m\+8U\L\Z`Ce\,9\D\\_@һlM{\7/\boIv\\\\<~+ښ\m`}\rbt\\\O\j\@\'\\\X\=1=^wW#\ϾMOnp\'\s^[\5\EQMfTz_ռմF-Ybzf5Ռ&jLkuf&3ԽIMֿ2/2>F\\lJzq\]Z\r\&\jH\5$l\\W\&Z$\k՗`\\\ٮ3\]w=9λ:R@k#]N\\LOt\z?K\u\٢\\R&G\@I\\\44U[Emk/n)L3%9]b\D\.X;[Ab\\=\;^$cgzy\\r;Ѫ汀\n\\Z_?oE\\pY\\#}V]#Zf\Gqӹ/(dB$W\E\\org\s,q	\Z\x$\Z\gGg -nZx8v\rPK+oX\\"\9F8\\"=\G\\n*{\\nO:N\=\@\7)u)\UQ\]Q\yw\,\	&k|<\n\\f~^Y-Z$:(/\̧\0\64r=@3\\'\0e%\"98T\\C\'\\\^)=`ǡAS\j\\FSR	mP\r&Au͢;D\\7\xo6\:.\bMx,TcՁn#\n7\1\K}Y\r\-\n\n5\\%E溊2*nB|{\]Ϥ~aDx`\\/#*.\Z\\mp5qrș܀llf\hZ>4d\F>)0\\\Sկ\U\\+]ZXZ^8\\\\C(9`tLM\L\ɨPKH!|0K)_Ry::\PH)L\R\0Z/$\\\JDm\Ŧ{X+66aV!7\\]Z\Z\Zu\m\#\\\U[(]\(;-)Bq ѫ.h-\\\dƫf\"u2㯩@׬\XQ\c@\\b4^.zBA֐Ɯ&a\0% \3\IUqwIk\\,\\ZX^`\\4a\\xp1\(\rV\\ 1\\\,pc\WHԭ\\tD0s (f5\'⩳FN9RPI:w\nѲV9\T[U\uos&\a\\\Иz*i\\\\u\\j\\I\T\U\@]>tLH]D\(q\Z\\^K\Db}ZePM,m<jN^Oʣq\ZF\\1\\ey4!\r*K F}k =&\E\"[\'۶O\r#\&\\)$*߃3GS6Xb\\-hKx\5YMB\\>*\Ge\`N72u!oQ*hsuRaK4!!,0I HJf \IAC\0>\vS\pڀ:IM\\۪Gi+`]lG\\	\`|Tد_\\(*E\M2[};	V1|YO\\7wD?g6ט\Ya\\_ly\\\\7\"ە,U\\\9\Aԛ\nB\b\\\J\߆oS\I\MJ\\w~\0\\l\DV{\L_7zN!^0\\1\'\63\f,k\M\tn\\1k1s\VVI\pnbn%<!*	K\OV\\\\[m\\\\j=olꬶdZ$&1\Q\!\=nJI%S\hkn\')\\nQ\	: Ս\TɩZSf\U8U&\w\B;=,oG=L\\ř\\q<,\M\\vы(mק,%NgJ$\Mg	\\\|;,Li	\N\vyg9hp&R`\*q\vVg+\\on]x]e@ܴ$Df&v5\\fز\\5\T[\\ھ\\=#Mк\u }\\nھaȱ M\+7Z#J`/u\CF$.5\\#S\^K9oyVvXVQwm\;WбXE\q}ߵpP	=5G\L̙W)\NuX3ſ\Nuߊ\\ZQ	P\T\|\\\!5\\r4\rɐ90#IYR\f| ~H\:\n\\'[C\'\"\\\lv\m7x2]g[P>X\aA\4V-\.I;܇dunU\Gy\\Zl~\"g,?\'ɿ\%mо\c2.s!Nl,ϓMv1̦C\cǵ%w\\n\\na\\\\"r~/(\&L|\rE\6a@\\5\\*\"}r\u(Q\?1m\\4\0\0','6.1.3-40302'),('201811011814230_job_category_added','HireMe.Migrations.Configuration','\0\0\0\0\0\0\]\rܸ}OU\ǔvF֎\\-d\ʱl\#m\MЈe^fI,U*_|R~!\0\0xK/\Zh4\Zn\\\axQC\'rp\o\V\\\\\wa\tnLdxN%\}p`	\h\oˣ%D$lD˲V_a\0~Fw\R6U\`\\ۿy1<m@Llo[ \w7	ܤqn7;\\;\?\\\쪭8|[}F&\B,Kp\JlHp\g\\LxkCtw\nR\g\b\{w\\8/#\Q\ʓ* \\t\COc\XW;\s0\\{\\'C\4\tG;\_\=\k[KĒQQ\\wǯl\b	\B!M\Z\W\v@\u\3r0Ֆu\_eh@\\%x\mѿu\=ARprzhBimĉ]\B5a\Z	<z۬j\8,1yvp\'yg:\K\\}\n}\`#IkoaJZ\èmpi\ri\ \Zs\F7ZsC+)<\ng\0lG{\ *uj\U\E\N\:\0qL3p͆\,:\\aL`\\Zʸ1WB\\\:Q\p\\vb\z\\'j;G\YɓG\e>g.\"T+\ZK9F\4?_JδE\"ꙷ)_5ٖ3qc\r\Vm\f߼P\D\łJ-tN\\+ˉ\:2frikio\\r1J\\\eW\z{Y)N\\'.ʂ\9=\( )X\\jؿR\\\\o{\Gxz! X^UZ41ܲ`zZIP\Om9ʁ[HcRú:hcNyx\GC\\*#m\1=Ls\F-9&e\"\ZcmjW?	o06>r(\dC\/u01_܆r\܋t3G0RE\'\dk\{>\UN\=\4D\\,q\E\kbPuˤP\i\{q\0+$\nJ$A;7<.\r\ޤ \\r(\ƫ-U\C\\35ڧ\C&ut]腝\A\93t\f#7^>\gf-\\q\\\"\&:41\z\ZeV9yVVlbbj9\fZ\s\\\H͛\⢷ܶL\05ՌHjtTΠ\Y9#;\\US\\<C-\YMU窌FC6;?\Z2\r\\\NATfF\S\c\l\\@5s\\ǙL\\X{!&\t\Zï\6\Ό\>ڈ]\|-a\]\FDxR\"a?ʄ#gO\\,Gw/sl\\ߪ3[E\\@\\rr\\=}	ޣ\Z\'\\lW9TPyO\\Ԝ+*<\+\~QB(\?E\\\\y\II~\{0\+\IDuH\]\$O3>t-|m_D\\a\\"\p\rV:*\UW\n\*lvE!A\:q q\ϙH.-\O\0Vq&^+:\\Z\rah\\uĬV)gpCrjtcgnJ\o$ڌa\\G{P\9\\,!\@Y<%k\xp\@\\T@/[7t\\5\̓N<N\0\'Eu\Z\\N5-MCJ\P[?3j\<\\jB(v}.\2腋 (&\iu\#Ga\}8c-A`)\n$:Q.	\ŗ\F\\(\6sc\\\aL\9%,LJ\0Yb#Y$*H/hN\®\n\0\\<72\m	@+\(\0%6@i8\\	T[07xҗ\Z\_\\56)y4h*\Zk-B[fS\Ivע<脊>p\\\khk\Gg,\B\h!F񦳹U\Qj2\\p\#.7[2)*QYˈ\\\\\Ǚ((\n+eR\Ypc\rJ_\M\"57P8Z*Eߢ\\$\'6\/\r\hQv\\D\eA*\"\\>-Dg!n\hqyɅFAly_lqTh^q,d\rS\'1曡[)\'Ag\'(Mw%\\@M#7QC=\\Ey\ܚ@lfUྙ\\b |-	E 1\\r⦷6\\r\dƽ\\r+5\\=j6\AltjDyIYPTm(\Z\ AG>v\%/NhX\\rjѿKT6w)jDje\r\')1J`\\.\B65DD+\"\lk[h\Q\tt\-6\U\A}*F\-އ\@p:S\s	\V\\\ua\^\n	?\\k;\>a\B:\i,jNcUMi-dRY3;/\\M\\*E\r\\\Y\n\稍VNe=[EAi;.>ΞF>n\\i\\It:Eʓ&IJP\4H\)L7pZ:9%*!Uu$\0p>*p\J\:\g2I<\'\\N\\Z\\'.\\A\uhdi\\ᰀ#PsNd\rgD\0IKԣ+j$=\c*&d@,$LS&+dѪ~Po~10\$#V\8BFF:\3\79z\\F<$\t=OY\{0=\O3\w\S\HNB&\)k\\9\"8IEv9|>\5\}֦LQ\v2inEW5!^kH2\u%ҝ\'I>t\1hQ*\0\0s-ᩓ$B|VU\$I\_5S:ۤS~\\\\4\2\LPW\$)4i9bD\ޙIo\uKLѴU$ipI:$\I$*Ρq\\\]Rg*.UcN/\\'\̦\&\/&=du\x\\\lVM\re~ێRBc娟\r)\T:\՟5in8b\YIz3Hn@А\7\':zit\'Icvrzrzzppo+\\\\\V;\tD\w rÞ\\Kykt<r\s6KU{i,/W\\r\j3e\Yl\ky\\\S߃x7Q\wD{_/ʄO\e\\\tM\\\\nuŨ\=W\ُ\m8&fٔ\A\0f5ZZ\zsp\AzO\%\\^\\\.|Z\\J.yK>>\h^xgZ\\Zjش5\\$\A$\7zܡ\0e\=\\\eI\\Sp]\\sbb\\0۬\z`kB1li[%QiUQ\\\\\n\÷P\[\m+fFG\\\y\Bq\D\z7\Z}>.\c\0ņ\\W\b\\LIK\>/Jc\\%ɋv\\<\A\q\rh\\{\\Z/j\\"%ʛ\rh\otC\-(1O|B=͢]\\2g\\a*O\<d\]\+40q\{ Տ\dI\@qA#NM=Tw.KNX,_\qe^7.Z\烑\j1<~az۔\\Qz=%{}\0VZ\BP\nTU6<N:V	(:\"\1$d\@W\\v\t_2q\2\Mmrsz;	*5\ũQa/D_T\cΌ_f2\{\nإ|\CN&ڧF9D1xb\l\\/ccMfA\n:.3[\W\r6ٻM+V\̰6\91Ҕ\9\\+Chz\"8\K\\/\	\UɨB^*`\\᳊3»\d!S<<i	Z\\][,\Z=*WkDt	m{\U&\&Y),4fF\ᪧE\\\UzK%\\"T=,\Us\nf.Gs\\\\\\\\iV\T\\\XwnQ˖R\|\p/\\F\\ח6*AD)\\\\"h724FˠJÆk\@QX$WD3+\\0\r(`-\\r:$j\BP-\\EB-\2e*Z%R\PSz\CgR3\2\\'	x\";u\[\ZAKx*\\\&޶&B4\xM\s\Gf\\\ܦ)pA\nN\ԻN/\\Vv3\Ey\)j2\|jہ2MgYhW\\>\;\\/{\w+\W%$̋2ŗz\OQH_\GĒ\\<B\ ?\-p\\2\"\A}u\mQG?\\\WI-\\0\0','6.1.3-40302'),('201811011846067_job_group_name_added','HireMe.Migrations.Configuration','\0\0\0\0\0\0\]\rܸ}OU\ǔvF֎\\-d\ʱl\#m\MЈe^fI,U*_|R~!\0\0xK/\Zh\0\n\\\axQC\'rp\o\V\\\\\wa\tnLdxN%\}p`	\h\oˣ%D$lD˲V_a\0~Fw\R6U\`\\ۿy1<m@\@޶@F)HQ\\$p\Q\\\\_?\ \wMWgW\\\+܋e]$\\4\n4	lYōkWlC{>\^g\[\S\m?\[߻S?\y.BVtP\0X{?\\p\}\Z\\w|}\:\>\8\<F}@\h\\|\\֒&diT\\]\+\\|X!\\&b+aJW Maz\\\Cj\:VE4l\<}\6}X\\_\:[~)ZrzhBimĉ]\m\h\}~<x|x\3\Q%iqdih;E$\50Z\\nûΧ!\\3n(k\r\VR\\~7F\'\n/@\nM\Z$_\@\r\h׉]75qi9\pEG\=>\\\\\נ S%o\\\(]\e\h]6<≯h=\pV\xYϙYjEcI665g\\\\KC\Q\\3\V_=6\&\r&n\\\N۪]\\\^XPi\\i\uZ}`91YGF^@\֬CT\mm2m\m!\bWi<\Z\	\$\}\,\I\~\⁥\\+U\\\}\o~ǯ\u\\\[uA\-\ozU\nIGxR޷E\Z\|*nA^ I\\[\\[w\d$U=\Z\[2\\~O\\$?7nؒl\&\@DcMB\\\'a\r\\Ge4\vHoRS\m(Ǜ?ν8IG9#Ut\1LF8\ѽ\\+Ϲ\{\\#AC\\\^\Z}\0nj9\{/`\_\"@\@	$h\\y[Nڛ\k~\wxF\Ds-:ZއTgz#\kO߇.M\\\\"\KsN\\\\\Nݎ\x\r\/Y\Z[\9$\\\ԏ\\՚Zf75\\\\\"nS119\\r\23ϥ\LvGoޔ\Z..z\mˤS#\QͨFG\3?,\]:\I;u\j\\jʬ:=We4\ZٱѐhȚ>?z.\4HefD^)X9\>昖=n]8sB^k/\\^Nc!AzÆڙQ]ѧS\"\~e#4\(w\OJ%\gCpd\I\\Er\m}[ufHt\\\\?AB:Zҗ\=J|B\\vUkC:_G\\\sb\%;+TRS\>n΍lЏsYO$rL \rw5*<݀k\\\k3B\%!\uX\X\W])8\\sxB\\\\.?g\"nB|?\Xř `zaʯ^\x;\ktw\7M9;\SC[SU\0%\fsWd8߃j\\\b\\\o-Y\ƃ*-\\Mu7)1:HZ2\8>(;и~wyh\v\Z*yC	~b6\\O\Ԅ<Qm.\<\#@PpM&i\\\>a-A`)\\n$:Q\	\ŗ\F\\(y;v-vN	.\ l\\\lfJ4\0haWV\0kd@\g\\04K^@\g\\\rFvMM/\rEl\ZЖ\\u\(:\\\\x|\\\Z}5pƣ3u\r4Z񦳹U\Qj2\\\\G\\nDeRT\=É\3Q\"VVʤ0\\\70\:\YLEj:np$$T/E\s\rp	%HDOl\k!^\u\\\\"\ޯ`?l!ʂTD}Z\<9B\:\\vc\t#\\\k\\6^\VNb\7C~SNQy\NP&\)\\MFnzس\Z\\'#x5YYc\̪\fB$d\<(7ˉ\\mޮ7X?r\n7ԌWt\\UbS3\r z\s͂jC!\_e\r\\h0yt\cg\^Q\\\\\h`P]¤3s\\T۹$R+\(;qQKTvw.mg@\\\\"Z9\`SX\\@\\*8F\0\-X45mmLTTV\\>BIK!Z 8)\\i\2wu]|X-%>Wx\[\Gv\\\O\軏r\ZK\XEUS\Z\`T|Vpa\\\\קne\=$縲Jjvy+K\R\QQ1ʩ쵇p((ma\q{\\\\\-9M\\4INQHy\$	R	<Ւa\ZS\é<i\#\į%v\\P\\PZf\_(徔BGu:dyN\5 ,RX\\A@\5hFD\эaA\LX@e&Q\D=`*GxD\\$h^tu\Wd,ZuЏ\\/&d\*_Ghlџ~\\H\'yF3G/3ᩖڀ՟g\BUeL_\\Ň4?)\\d\\l˧24\HNB\\\n\kٝ98IEv)|2\Z\0s)Qd\NB\m\m*%\\k\rISfnD$i\gF-*P@Rf%<tD\\j$vJ\'pʏ\Z?ډ&4\Fʤ\G&\+gO41\"Mg\Lzɤ7\d:E\h\*4ZI:\ZI&ѓpTC\TŹ\T\\\\]RCO6-h338\\i\y꯳Y}\~65n;J	a~63=\xW֤U\\\g	$\\0 \IBC>\P\\\\m&\V\\r\\\\\\u½\\ێWr\>X\0\ʃZ\Z\\){z+/\\\Y\\,U]Y\u{xi΄grX\\\\/O}\\D\\=by\\~+z>!I\R\F\\",\\Q\k l\QFM\0*\Z)\\f\\qx\2^\U\E\§\;\⟷T\\s\;\\w\\C6%\E\|G\\nFH\ 6nIb\R\Bpۅ6[oQkM55\$*J\2v\mcsj^0\z+\⣶\,\\\\nA\<\!fMMB\\u܄\{p_\3\r\U(\rCJj&/ڡ5\&\r$;l\A\G6ģ\\Z\Gp\qk4Ɏh\o6\\؆\[Q\B\6	]4\vC\\c\zB2Ky»({Qh\DaBc{ \\d\IC@q`AJ\n{j\\Z]p&V\\ʼ6n\\2\A\ \Y\bt.Cs)\#oF{J@n\aD1\BPNW*B\'\\r@ۄ\S\\1\Ia ob^DŝtY2qț\2\M1mrSz;	*X5\ŦQa/D_T̙\\̌Sf82\{̘=\n\3G*g\r-X)<JTO.qr\B3\\ *و\^\ƚ콂\t1]f\\'l#Fnl7\r3V|amsb)/sZ\V:)\\n8D@=ӧ9|C(\'\'M\'FyVp~arj\"\*L\J̧%dH\"jmwBRnh.LTDB\\f\\\S$\N\YbW8fP\8NU\\bв\\-\:R_jb~\*泈*nw\\V\m(\=\csq\"o\sZ#Zc\E\%\\[X-[z\ +\'lJQ\Sxa&6\w\'YT	\"JQ\E\qY\tlN\ryEmEtI9\"\ բ\P;3A\ \n\.M%\\(,\?S\S[\%$L0tfŘZ;3\r_+c~ \'C\I\ٯwZ~A;K/\o*\`\mk+D3\_\D\<\}TjVY۔0.HIzIQ2~\[\\n\4wн?\\\>E]Om;V,\Z\\U񆻏.fz\\\U\W%$̋e\K\\ҧ(T$T\R]\`\#b\\pI\ ?\-p\\2\"킠پ:6ARШˣ\n\\>L\\\0\0','6.1.3-40302'),('201811030753410_Job_Category_Image_Added','HireMe.Migrations.Configuration','\0\0\0\0\0\0\]Ysܸ~OUkS\\Z;kf+ǲ7DB#y̒YT~Y\I<r\EC\0Ft\?]\#LR?V\́{~Y\v\og?\?-\{\{\\C%t5{Ȳ\\\"u`\y\I\\܍\\ū\ÿ-!Z2?4\\\v =\wΩ:@\-p\jK8/2Μ5\g8b\M\n\YG}\0| Ha\&n+_\V,)wfqhH\˂-n%\Y-6$H\3nu.\\C|w\n2\\\\4Hp^FsЁS$\(@`\\.\v	\\Ep% 8pvw\>_\_avA@2\Ci\\*0ɞ{\o\,hFMA\\h\E9K\.5\"Y8\&w&H\e\1\T[ՉU\"(5s.\Gm\;s\\'\U_JNn\"?T(KvPU\L\\\7.BUɥ\\u/0\\[uE$\<\v\K2\\d3\\Ceԣӓ,{И=U7J1\Z~M\\vq_^;5HJ;m\\wQovnLŨ\\\fˎ^\0\c1\[\\\\ZQ\\\j	q=um\_\rQ\;\#\\\#BsՊo\ZG\\'\6Jt\H\i\%آD!e2\\\U\fڪ۔}ӗ2˦T\rV\f:)n\Mo:U\$iQ\;BhG+W\\O0W\\s4\oquNR<p\5㣻㷯\\0\͏]@0ez5ebXxM/J!\"\O\\\O\-\\1a]Q>1<YqlzBU\ؽ\w\zv}\ŖFw!\\\"e\"\Zc-\Z8\o0\\ri\dEz\e>/nA9\q\\'i6\#\K`:\f:\\0^\M\*7\\r\\"u]ghCe\!\\]2i\r\ZG~\\Zɿ\h}$Mъ\r˶\Z\7_=\\6^]\[|\\4Up\>\\\x<\\5\wMvN\\\\\\wݶ\x\\4\0~(޳03\mٷsp{I6S\\x\GzVY\9\LY\\8-s\\3(,rɮHś\⢷ܲL\0=ҎJ\'+&͡\^9\';\\M\i\\<CM\yMS\UY|t\7\d\r6\\G\\#ʌ\k\\}\l\\@5s\\\l\\\\z!&\l\Z\\\\6>ڈwU\tփ\\v\A\"<)S-e1;Oڅ\(Gw/\\0l\\#[M\\@\\u\њ\\QY-\jvZ\9TPyO\Ԟ*|+\~YNC\?e\\\y\\H~\5X\x\\\n\k#t\#\Q\\i\Q%Ҙш0kK\z\${8Z@s\7|-)eD\G	ٍH\"6\na\'1tu8\p|\\1sJZ\v \\i_\G\\"}\\\R\"\\\stzdxs\nRx䋺\bu\Z2zu\ؙ0L\o\)\	\'\\;\\\AS\\KݝjZ[JQm\ٍ5kv\5L4.\g\n;z\b\n.\\\v3Q8}?r܇0\\rr)\@#\Z\Щ\\|m$ JNe:W76z\\`Rq\)ey40\%68\EÀ\>\0Z+\=d\Z@\m	@\SQ\0JKl\0E\\0Z\\\'\\?s`j/5?kؤ\Ҡy@\r\\)erZ;]V\N{3]\GNwpE\@(?9\{FGgS\vkt\Q\j2\\p\=8De2T>-#{v?\<Lˣsܘ\ZfQ\Ǘ9#S\(-		\pQ\ !2\\\_\˻1\| ®\6\CQ\"\ Z>\qA;حM.-\ndҭd\}FU\6LD\\O= \|#\1w\`\q#\!jxC95\\qc|`KP2\M\v\n0ʏ\\QB?\Ɍ;a[h\\Y]\C\'0-\ z\KBu{B_\e-Rh9 \\\\B\c\7\\r+\\" ]\"1KT\RM˝\%R\ZӻJ$0m\Z7;6D\\t/\*hc\\\(@D\WMT\olu\n\\ 4v\L[u\\\P-\\r!q\KO?\\\/κ~\\܇vX\XԘ\\-ꚲ8Ȥ\Es?\rg w\0_>B.\\!\\UUL\\U\n_:\\稍!6N\=KEAi{nH\=\\.n\\i\It>E\\\'IJЧG\%yZ\\0\>\)3\\\\VGH\A\B\A\C\hb\n!\(͐+\ZQ*\\F3\+|e\0\,z0lQPuQ\u+>E\OYE\|&\Z{d4hFp\R%\hXDM\ٱ0O]\@ŨH=a\֗3{d\vSGxpc>葑F^F2\\-k>O	2\S6sF\(\\]?\$d\ݏS.Td\3ޚ`3AFCgj2inV׹y!\XH\\6JKP}2\\\\"BaN\\0\0c-\\$B|֧\$I5_\rS9준S}4X\9d\v\LЧW\$)i\9bD\ڙI/\}[MѰU&pI:Ϥ$\I$*\a\\eR{*.ՠ3\\'[\̦&η&ݧd}\x\ǣ\\dft?\\JX\0\Q?R\1k>\*]\q\\\v\rK݀$!o(ovp\\ONrQǬ\.\\\ǵ\$\\ng\u.\a#\51%SvV]\[\;gԵ_\\	|y\\YfNխW\\\O\\D\D=y\QlzW&\tbp/\ԣ5\U\>ҝ^A\ 6\ek[R\\[=BFѠ\\\9B j@ew\SȃOٿ\R\	\Z\9ο;\k\\2(6z4ᡀi\bw\0$-EI\\.丈]qs\׆Zkh_۶J\"ꢔ).\kA}X<\\;+\mU\rJk+z\0\=w\rQp\\\"?v(\\Zu(6FO2\N4T4\;jsi\MQ7\/-4;l\A\G6\\Ǉ\qk=q}Q\V\lDFk\8x\<\=,\'w@\Ͻ\cOf`B2S}\Ļ8z	h+Da\\Dka{ Տ\d!\rI\@qC+Nm=\I\]\\:Lp\b+\Zqa\l;=gӖ\\ۢ\\\}\`\\#\ner\\5\:\n\^\\\|\\pSR5BH\38!zv\\\c bGs;v^\4_kV?\0:\3^P@8~3~\|\lqO*\g`\נ:{\r#Xin\=\Z	\\:\\\&NA\VCЌ5\\s\\\JGNfl\GLlFAc&}͟{F:%s\CWCD\x)г}\\3^\\{85d\K\r\P{BAYȔ\\qLUw#$\'.\E\\"Hk\,x\"Eؓ>K_ln\*gլA\ZX\p\\ɢjqX\ZVYV\dW*w\V̏\\\|Q\j\l\܂\\\b31;V9yګxoܠ\]\i[\3^!j\ԣRG<\#Ɲ\\#\Wu\\F@\\,Y\],z\6YG\\;\-$肓p\E)BLa\Pi;Ab\ \.MS$\\(qQӿP\ҋP[\n\\L6R@VfN[\^\"\6-bo\A\G\r-<iH,ͨx=\\\DqeYa80)/a<$d63\'_\\A\\"˶5w\V14\\\rwM@l\\藝x5\炫\\\S^\ź\\\sM\Si*\W[a\rsІ7ȏp\\梹Zؗg>\$ LK\ZMya\~?[À\\0\0','6.1.3-40302'),('201811031958527_JobRequest_Added','HireMe.Migrations.Configuration','\0\0\0\0\0\0\]\r\8}߈z,{\!̈́Ziy,K+\=;O\n$Yd\r\rK_IK\JUQ\EE\0	 qH\0=\2}Gyg\\|\\|\0\\p.\\\\98O_\|\I>\\2-\eX\#Z\\2\\˽0[.([{\$\\lvpN\x\qhU\\"PR4\q\MEu9Xb\pKWgώ8A\|iV%n⇯),}Y\A\yp )P\}v\^}Gz\\uQfKK\,\N̝wlÌ;\.I+\\?fw\Ay>\\p\$/\\=ЛYC{3;^\'\:G)Zy]\8+z}C\aNqy8?]\\\n\\5|\gĂ\Q\;O\\\ϸI]:DP)(ǥ,Q<BOpնu_mxB\g\\'>s\|v?Ҵ\k\Z\\Z\*;AEǫ\Z3#\uf\2xW\C\}q$FIX<ƫz\ȼ3\\:K؁\noufg_l\\,\89I&`ВKWS\:ɿ\7\D\30M>q\\&T&8)INjv\m\	\'\GZ=\ uMޒnPHꚤJMV\UKROW\WK@t4\r5H*y=B\׊\lnZJ\\\\`AI\\h\o;\K^UNضXۦ]Y\\Z\\,4h`3Z4N P\\r,\'.\\\ٚٮ\ܶ&o\M1F\	\\PzT\%\gT\jgXz߲\M\̸\\ww~?a)\0\~2Z,1Y\ZZ\\Om*\\҄XTڤ\"C.3b\\жw\zUu?\ZT\Kn@	\\\TJB\u\r\\[c4Vx\\+ސe&\\)\ɏ8/\I*:\X\>N\U~͓{wO,%\Km\\e\Zh2\rqD\E5藠xо)\\WY>wDMW[vx:MI>e\l]\2\wGKs\K3fU\a[nlz\rQan\ny.a\\n\gMOxi\\&\U}s\lM=ĩYS۬\9Mm\63kiS\\*u.\f\tw\Z5.z+hҎݨ@g\\\\8uml@3\\vQ\S\\C\ro;|Me(\r\Zu!ܷ\&\|h?ٮ~eQͧOW\ӿ /K_dihW<\lSI,}<\\\_Z\;U\wqRM^]t+),,,-\I?\>ێGW|D$¢\Z\\rhh(2C,/\\F#\\\0\Wr_c%\M\\ZxWS4rM7	B\\/{li/V\\5VW([%vϵ\q\\|o&\u<zM_W\djꚠWGQ*HFn΂\Ѫ\\\\^#\t\[\0u\\'\?2\\op\k5\\	5ʠh3k`\g+S\fl;d-x\\%ٳI7pXU;\%׽ȋދؒ6\'w+Λ\\\\e+/\,@M\\^ymxd΂\\ /q\!K\V\\\(Ù ceIN/\n\]p\LK&Q_\rU\itXOӄ\5\"F1fl\\m77 nI\D\\r\͆\j7e6Wm*wܭRro|ϋnl-\t7&uz@\*yFHL(r{.Z[U/$^W\r\,%k:I1]\Je\ߵ\"f\}[}\o\1\Z>\\k)RS\\*\PY\r\\\rU3\\quGa\\f\\þd9ǵl\\ts\ʧnEL\UܬY_܄:`=6\\Z\oKKjW\Iٲ\\\ %=@5em\rH+\VjO.\0^\g\y\:pTG#@M]++n\\Wf\:a°4gS\U.\Zf(\,	\æ\NGb\ქb\F\ö\r\	wھ\\\nC\\=~Dᷟ.:?Wq\馄h͔h݂\\չ1\ZPX\\r8X)Ư]I\\.?\]\\\l\\Вν\&\B͕S\u\@\h=ц1sfZGc#ɳ)\~r6r\]\\2\\0(0\*tp5\4ل\\\M8\\fzL5x8N\a}m__w\V\vWq`X\Q:\Ea\f\~[DBN\ZU\ NKqa\np4d\pZ\ԮR>夝\\85]Cu;XP`UcXf)Ñ<;o\lJNВm:8\x`\!|릀\\\V5L\Q%\0C\r\\A5O-\rŠJd`d*@\j O]0-\@xi\\ʆ[lp6\\$8T8\Z\.r.@b \Z\0S:,~\Gm\\ \.\|3 ޅꂪ!ۑ]\E W\\p̐Y4RvD\\W){e\*CHW\P9}0\w)\t*\Ji0omh\\wdQb\\G=t;\0)< XRC@ȝn)2p6X:C\Hq`M8}n\\G\\\`9\Z	\h8F\\\,2\"\=%\Z281e@0	hܣA^0즡9O\	\?,1ikЫ\PCJm\&\Z䔮q\6U%&\r\*6\\M\"\6r1\%\0m&(˱\r\0e\\:o:\\m\'~K%6MMC\ZCl\\H-sa3?\Z0=\\Z<=\\\z7U_Sa Zm|~H\f\v<&\տ8\T\\_\'qjz\r}Yz\S\\\\ͅ?{3#i\n\\5W \\\\{rZMj9\'7\Dp\=(ztrG+_#ˬ\h\\xt\7l\b6W\Y\n\U%!aR\y4$ v\!\<]&c\4DM`\\W&h6\\7&\\\@\'\zt<\ZeHD\r5\\EOuK1!u\O/\Z*לZm_Tm\\@\'}OEV\P\rj\\Z\Ψ\"\n1[7&\V]/RQX\,\Zz\	\\'vh}w\0	y\=\B^Mht6\'0$)|E\\\n.%u\[M55`\r3\0\\\3W\S\o\@\80459?J{rv9\rB\r\ZhH0_\,Q3\-Y303Nɭ-\g귽\ذ]WMLk镛ҝU˵1ɘM\D\-\r\-\3AV\Ncg;\UŲV1Nk)\\d)\T6V#3h\2\V\׏\MɌl3L3;Ga\0\\\My=\rXQ\k\,ی\\[\vـSW\0UE\w.= ;!e\8KA\\\z$\\j;\Kg`\k2Ee\\\nclQ-],*<\Tp =\2K\	F*\u\>o\'-\E>\\\i#dq\p#L:uUp\\x4	\\PqK\\﻽6Tcw٥,n\G%Dr$u6\Z\\Cїl\nVAHt\\\\gO\$-\eX\bo\=f\Eewo\qX\4!\c\\q\|;Bgq^\'A\$|\q˄J\JU-Eob\\0uW\5uSqI.\\&P\Z\'/{+Lr%\ejDN-E~$\s\C74A&\y\\\kYu\@Z0\`\cr\0\\A\\}\θ`J@jE~\#T|ZY@:441\\R1@\77D2Wp%-ӂTN>TB\\\IQ֒bbD;\\\RIv4\\<M*ɁfUAJ7^<\U8\Ui+d1q9\HqcB6yp81##$IF(s\A\<\t\\>WgE(\Z<qtƒ\c$\'!\t\,CZ\@#\\ޣ\\ml\\\)1\ې\\y\9)3UQOE5\ \"Bs<o\0-qdmu$\n\\\9ODj(\Q\\G\~\n\*\	Im\\ZwGI0wxJ\\'K\Z\Yz\KĨ4ݹ(~\藠x\g:Ŝb+n\`\Vd\\\,E\;1L#\\'z\9,vUegA\iJv5u1\bf\l]\sS_K\`Hv\rOM!\g(\o~N	\洉\QukVsEq\\\\ʏĩW쉸\"6_b^@jN}\~j\+!Ÿ\<;\nrny\hW(\ݟd!\]G\|п(}Œ\?\,wgKXei|\'1y6b\=\nҊKPͪ\;\\\\b\BzJ \1F(Q\VtF\rB\W;\(Ӻo`\hOJ\}\H%.\	Ll	\G6Չ*\]9eܚ\*\\necfA5xS\\,K?ʀN3H\g+,1O2$`Mo\jC ށIl2;R]\T%EW]\\|\.B\Z/_Im*ށ\\\>ȩ껯k@\U\}\w_\W}ׁj si\\9\_$\	w@}\:Ϗ5\]l\\Q!%Y~Oqh2ȾMC\b1\'ڸMN\AZX\=2Z\}_0\fl\&>{~TUP-O~\Z.|ِ\5r\y.[`(\w@\كڀ\8cX5Y\3S-iU\0\VI\Z\Hu\a@А\\\X8䒬Nɪ2E\^I4\\\|\)\qđ+q\}\\\w&wG_\`\l\c\\\K?I\\\ʹ\[s7Ӯ\cK6h\5KI-e\$B\0DxQd\sꑆ\J-vJ*o-3\\Z!4GRL\ȏ\\0Ű1\l		\8\(q:\!\d͗\wd	\DH\\T]+`3|ė:\|\nD\\7HH^\q#b0\\\\K\rm>;J⠨\\05l>\q\O۠h\ۇ\!T\"J\09dvǆ9[2~\f\\\8X4D\\\1\v52r\]e\\\g\I\\~8D\r0SWd\CvJOz\'EC9\\ZF\aC^u\\8\90v_];\s\?\*avL\7\v\M*fpwjxPoH,\m\q鄤\\ý\eE!\prTH\ĨX.ԸY\0ŝ$P˰\nY\P\\u`\\C1.\a|\\u-\Ԟ\ƣ&i2\h߃<|\[\\'g\\\|\O\,IOT7B\\\\y5\\\\dV\G\<c]?\n[b\\EY\\h\j^36\ZY%~\ \Z#\\>$ʰ5\]\)씰\wdี\H8lm#Ԥ\Q]\^\(\@\-\& bL(@~eI\#\D.\\cx#\ibĀ\\">\\R &bF%\'\\$>\\\\~Q`\n0\MT2\]\o&$\Kzw=\#-\\zպX:=+%r^\L`\\\(\ǟ4\^\&k>	ж\DhgIw^\ԹFQ\9\\`	h$$8{MW\H51~xӸ073)\ҝ\\>\i7\ZFMBjx$\c]u6I\w]ˮ줷]s;\K:S4n&:51hD\U\-ЌJ\r4\ZT\^A~UQioL\H4d\\^E\<5lh;\r \r\\\")9H^e\:37\x,G\0ҍw	R{l}UzDˎ\rBj#7\LT!\k[/U@rB8O63qٕa)*\ΰ\.k-*Z\)bt<\0A\𠉩\0R\L0ӣkgK$ioЮFe&vV\l1\\Ѡe\"A\d5b`0C<\]-\(s]<\\\G\\.=^|zdt7=rǨ?{\'G\0SY\aGA9\\h;s\\rlH\\g\n\\4z\ئ3$^\b1QqX\BX\\\'(A%u\Hd#	\ k\G7\\wBu\Q\KQh8\r\Up\\\,y\)\'hET~p]-\0\\\\Pf\rEeuC\۽}a Ju=\\OZ7\M6J0C7?\\`\6\rD\\0*Jta\O`#Hy[qѾ߷\\\1n\	Hp\\\'0ۼd\J\2.vN>ц;<*\\Kشiދ\Jmj\G\9ȂCτ.ٳ6gES\KQ\00J\;Rf\\\@8^[#\0\'&).K\F\0t\\v`nB\\rqs\n\hu\>\\i\ǖRSkZ}+t@(\aMzݵ\4SV?\:*\5\wZC\U3\ʫ㊏6FfuscXOHQFO/ʨ2/	\ZLpZ\FˎVԗ5gLmr76\ź[mx-[&{\Zp\F:X\ԕцf|kM@\\oա\\P\\\\J蹾p\\=x4N\\I$\nZ\j	L^\\\\Z6\\M\\ \?Nbj\\\*Vmr&oKOW쟾\\\\mAަѷ\\\֭qVW;,ά\R\uz\)\e\3\=K)\y\T4\z\\<~\p\ex\k>C\\VEDJ܈f}ѭS$\@}\YE\\\\75qgj\L}fbZY!\\"ͣX\wY\\PC\ch\%\"4D\i\24C$\i_\6B9\\n\&\@Uv\瞍+Rvϣָr>6y\l\l\nu7y\u7\SR\MTY9&E-\\1q}Tj!<\\V\]D03\r2B$Mi1-\\&n3b醭\x\+\7Aӹ\RD\v\v݀-}]\\	B\\iO}Y~p\'%~|CtlNvp\\x|cymp]\Ys:	\\yn\Z[MPtU3TD#\r,wo5k!\r-Ϧyc\\\`\Gr~ca\h#\\oK\UZ\dZ	KC\\xfQsnk\\"\\~g\\Hs|_2\TTL\\ڎK/>mc`se崡3#K\\qQ-\{S\\ե6\!\Dr\3#F\0F0Az\"hcMwgz@Ɛ39ҤzgJs\	`7:KP\\L\s=VgquYX/^^g#&\$\u\0fۛHn>W24F\%\L2٦PC7\(\I>\H\\):\F|\\껴E}\|?\,\E,\)y~u\'qi(dl<\\}֚)p-jG2\dp}8\Yp\E\\\\\K\eKBb꠪`!\zlх\_?\$\\}D┐ 6M0i2%	*\Q\Zu_\.\\7w\\6,\? |\\\ˈ\eI<\hh\O\h➥\0','6.1.3-40302'),('201811032208193_Candidate_UserName_ProfilePicUrl_Added','HireMe.Migrations.Configuration','\0\0\0\0\0\0\]\r\8oľCE;<*˞\\qH3!KV4U\=;\'ł$Yd\r\rKO}}\YUZV@H|H$\\iO,\\pv:AI.\\p.\\9X>M~k/\I~8},Շ\,\2\Qyz_\\r,\ٻo<\ߟ!LbiM&\뤈IV\:/\\;NWT\'_%\WAF@{u\\\(܈9陸 I\\"(p?|\Ѽ\\\a\\yp \Q\}vh/޾+{1\\u^KC\\\\V̝vlÌ\\<w8=E\n\{\qV\d\y3\t@)\b\,\L\wq\r=ߤ\Pr\ln\ZN>\OWYBY|\\\-M`\R\ʋ\n\=;K煉/9]:$\\i~A	\p\\UP(\y@/f0\/\Z1DN.\(y({tr\Z=Ei\\$\*5\Vg\3\=um\_\\?=bt_x\-P\U%^n-W\	H\(\r\\iR<?[\\I\Z\ᾪ_],ku1\n\Q}IՐ\I\$\J*\4O̸\ԎSfSWmX7XXq=\#>GWxD\(\+\5\n\=\n\J!^d.\F#F\\0\̫\(exAI\\k\ni#L\~\sKs\ؼ0,]P\\\m\\*\IP67u}|\hj\\ZWGETA\\\n,Z\\ZߣJ/e\?\r\RwT:Q\\e\U#;VT\4K\iLʂ|s!,/d	T;K^Q^{Ч\{\m\n-=;&\>\0|Ֆ\.\fEk\\W\U>C]\r\f8\;\nD^FĔhgb\1V\zwyݻl\\Ş)w7T\CZ?\{kA[G(\)\J\\7\Ze\sSj8m\sTmcf\67\ڨ#@y)W2%kT\\Z;yMﵻ)\M\./?ՙ,҉\\s\\\{CӚ\&ڣ6\.k\	$\s\F\bY_V\UKn_A|UiG\Uɣ\AT\?EV<ds\P6ҋ`*_Dgu&Q$UCef\	+Zmv%JtEC\i{A\W-q(\\J\2Ÿ\\|U~c#)\R\"Jc+5;Cp=ٚ\\ of3D\\\,f+=1kaE\6Ue=\+!k-Q\x65td`\1n\C\~˃IU;1\<\%\Y&g\\aQ\)\\Ryp+\~\mr\\\Fz=)V\ZnF\WI>\mź\$mmf]&W\"\\uXy`\O𵌾3QsJM1:\\jQ\VM\-v\k\\$O3L\4GR|3\\;\\|w\\n\#z\\⥙\~\KR,Ub0\}\d\\̧rd钔XTڭ\L\\L\\nh8\[/qs\\V*>\j\QؒPT\&\\@Dc,g\nI;ʬo.h:ZV)\LLۓ\'?N,/F\q?#U7\G\(,\\+\"\Y\ZU\0\}-=\\\y5ůA88o[=/\Wiw\\uy\\\ \Kէ,\L\s\Z~K\ŧZ\xi\Qb\qե\Y \\[\~MoaV\[2{\\1j\q-\n*\\\\7\f\\\\C\f7Ρmjʹ%1XKV\s6Uk\pq\[NvF$\\J\\+\\\Wd\A:$ڮ\r\V\Tٵz\j6T\\l\nl?*Gf\W\\\Ӳ\ͱ+G\\+\1;ya\\\(!ǁ#^\'rZ\\\ZE\PU82e	ْ\'\\.\\VKԂ.-\q\7\x\ƌ6^A)n\V\\ʌ|W\0W>\\:<\S\=W7/4\%̴\,?>5tѩ˻.98JF\n\h\}\!\\p*\)ZyF\,Qd˩\\:\V\@w0\!\xF2fZGc+\\P\i,\\nДw\Y^eoGb|\ޠ\'0Q\cen|]E\R̖ho7\\չ GaA6菐;\4:\*݀O\bb\\\+b\<Qk\\\넾\\nb\\29,\䨊\P^\a\\\o=P\\\\r>VE()}J\*\r:\\\vAʦv)\'6F\\t2\\`FUa.@GhZ\\\㧼2<%\\xp\0\.\"Ʀ$Yuu\0#j\bp\\'eT5d;\"\$atR\\\:( m\\l9U\. J$*e{[F2ںT\^\'\>j		\?\\t\#C(f\"L\\.\J\V,4\.@\]-\y+(\g,o{\n\#k\7\dv\Z\oǁj \ɸ3\\9fDغ6٣L03.X}v:M\ש{1\\N=t;SD	4i\+\nu\r[u@\H#:Z	|h8ӱ* \\q\hjU4<<)<Ҋ (0!nU~\\'\P\Bа>t\ s		G4\9\\b$ *\\e\\ǟ3\58 ڝYL\g	\v@vCCn qq>\\\oR\T)@\ZU\0m}\0`=\r˱\\(\09\,\9\>\\g\r\Z]&ŏ]&\k\rS.)e^S\`nz\\x|ܛnP>7\\6>?.D\x\mvp\+L5n5x\.ՃNO\\rP*_,=\'\\_\vR@\\\\;Mj9\'\\}־xLKNV\\:++\yˬ\\'o<+Yt\\DO\\0Cn\d\S\$\ݢ\iuWz\nR \"\!3.&vBMOHB\rjnz͕R$uI\j\h\7<\Z\"\YE\Gk(i6\\9B\~Ƞ\m\0AeWm?%\\\kiP</dZ\Vj\Wk!\bd(y]d^J5BUMh>x\{?\G\6?֫	\r\\Bn\ؾ(=\.1뱚GJߧaY\{\(q\vK\#`Sr?\Z1\\\C$.!8\DU\	\;	M\(\B\*BwW\\0;8nǛ[\\8)m\\hh;\{&|wX@8g\\eCvNл\r9a2aS\a\ľ[\\Z\mb@\\\Z}RC\\X3dF#c\G\i5!\&l\Ft?\EbcTP*\	e%\zm%\f\\#ؔ;3Eg\\Oy1/#:\Y\0n\K\0N	\Խ\\\8DI \v\;\s=DRʞ16RN\\b\$\\j;\K͌\3I`\m\\\"ڦf\\\\rܫe-Gkf\0xa14\Z\!`\\vm\Jm\\Ӷaђ0-;&\'?B7\w\Dofwa\0\݅}\c!\\8~ܞ;\\}\8\\kv0h4f8KV\:\mBy^%y_2<\|:yZ\I~8},Շ\,H\{\\͍0]΂E:{\geMcR<fo4Z\/P$\IPwAx\	o%\(m\e2?|\\J[Iř<\\[Uhob̗ť\a!T|Xy\\e\!G[ґ\6v\nUxUZN\Sb$\1IpmxaX͈[L\z¿\"\[t 	\hWc\\t8ޟ!MnC\\Ru1n\\pD\e\"N\$\Wi\EqT@\c\4h\?Њ\nPͨ]P~\w \PB\0f0\`\\G#:/3P\L2Z\\DI\7^00\\'%\>\`bVɜc`Ň\4]\n\#j\\.N\,]P6iT\'9U&\\0\Kh\cz\>\ZazORP\czlۈ\Z\b\nq&V^\3\Y:f\Z\\\3NYf60\rR\U\4n\ҰP\\Ee<oK+>\ut+\r\\na9W}U\}\w^\W}U\}\w-V\\\\"I\-\M3\^\\\C\n\@R/\\rlyT#\}KiؖrZekT\9t:Ŏ\"`ȾM\Äf\'L|샚\\\	\\x*?Z\\\\jYS%\ho4$\c\n\D\n[<D\ӫ\Zi\Y\@ԛCu|hcBF\{\p3*0$l1&\l[n\$+N\l\H+FK\\"bb\<߶X\\n+@Lؽ=~TU(\6\\'ǉd75KbYWdpg*f\p䚯F\4\\l\\\\mޓ\|Upڑ\hx^a^ԛ5\\\..\\m)^\)72X\wH`\\C\ĘJ]|\\\F\r	\\>>]\1qZdkn۾X@Rb1\-\\L\3=	\= \"u(\;4e\TjG̍5\yC6\0BKaY[9E9\\Zٜe(g\R\/\R~G_\1k\|2q&Qdr\4\<=\#{L\4i^˕Xl5I|Lec\rʨ+zs\~OO\OIy+P\S\rf`\Z~K\ŧ:eZ0Gdڂ6i&)\sC-\kvNq\Cl>),`P\A\r\4J	a#?\ni\d^ >ҪĚ\[	$i \a,݀$!78;=\L$#}*7\i}\Ppݠn+stJ:\PÈ#\\\\\Я~kػۣPk0yQv\\\?xSt|Q\f\6CZH2\j\0KI/\ܼ\2[EX\J\3ZJ\>\'\\&Y\Z61B4rt돤l͑[\"	\l		P\8J.\]at\\B\4\g8U\(7U\&\2\\\^WyG<hs\\It\p~C\\ǽ?M\'Gq\u&\\P\e\X\\\\|J*y\{\\\J&\ސC\oJ\3J\o D%9\(\UP(K\teWV\ \m!\zh(d\c	^9\\\\?\&g~Kx3\0>L\Nk:>\x<\lYa]8f$3D\\T\a\݈*W!{@L{պ[#\X\z{^	\ݥil<t;3>5RTQQ^\Էƴ}@[*k\Nʚ\k\k:7_D>\r0ALAiR\'\\\\k\=|Û\\IHҞ֤Xg^{B\\\'O\0\E4\F\{!\\&	QDBw0U\իd\5\\j\^N\n@\\KҚaT\\r\ZS* jZ\h0\"*5\Eh½*jy\\L{\L\n\(AtA%ƙҫH\"+\\Z\PB\+*eB\r:44\ӗt\|$y7Z\1\^\:A\0:\v~\0#,P+nWq\UŝNŝG\^.\8f\ )\66J\2:},]^6lXlLĹ,ѥ\ NpdW$\M,-T\\\+\*xY\ˉ3\󤎐.\\\N&sw|\nCQdazSWևt§8Xh\\xD&W;\\ nc\qG7\C&hr+2\董k+;]U}~39˿&;&7mۻƫCf.s\dG\\ h\^X.\\\ZȪkFV:eg\\|\\}qS\\\>:\K\\\\\* t\n2\c(ƔY*Dx.*<\K\F\\\.|w\\RAt\F%7	M\\\{7\"!\rbн$^W`\_:eioж%$v\\Ju\'\l|\0-\)80X\h0T\\G\\%\e\{Qֲ>휽ytx2\\a\e7\PppvB\[;l\\\\P\b0;c8Ǿ+\r)Aa*u+\;\N7l:S\D\\\\\"*E\\?\rh\	Q&Ga4\8\\`7!k\l8ݶ*1\Pi\q^sEI\Ofك0rV\\;W\\\)T5ښo\k\%v{\\r$Gۡ 	U\X ]v@NLK贗-\+[)j6ߞ+_+pH?Kj\P\_G\0q9R}\B2Q:Ku%ۛ	[#\0\'	O%vMT5\n-hSQ\'\nen;0	!g~z+$mr8`\}~ALrKEn-Dco<@T\$\6\\\Y$1B\DlZv\q\\%h\\\\B)_Yv/kEzx\)t\N:%\:\'&fd\c!M C\=gCO-S<qO8\\\1F\B$jO84;Cٌ`x\4x@2\KW.\\\\Ho\zǉ\!ݣ\D\n jCz8jR_\n\ \]\Znnl\ZwllM\K\I\-[ّ]\ڦԬ\r#\rim\\\j\10>Y=ۗ]wAR4\	8\-@Y-\U܍ ְpnX ΉIq\EJ񲰉\C\nk\-[x-\\\݃%\_g]\\"\ȴmř혺N\ D?\91ϱr8je%\t\0ǹ\\]Ǽv\"=\n]K\r>ITG?UtҚ\n\f@\=f \'ݚ!\i(\l\"q\rR\&WG\¢zTIM0\\\C6:YT]ӭ\֠V\\n,J\<)W1ET1K_5wd\\\\P،\͝\MuͽI\\\&\\ղͽn\0d\mշWǸ\I\T\\\p~@\ss\0UB2I\flĸz\\L\'D\\)6idu`r)\8O\KMg`s\\0ƚ3\\\?\'e\:*trW\\\\"-Oyc`\uSc\ZSgCz{zZ_U\A&\i\ZR\\E\)D\e3>kdbH\\\r%Z\2PRZuV#6$~ElS\6Bև\\\\E=\S1f\eOGY\;pC4g\\r\\m\\7\\\]\-<\tmz]\\0\4\[\M6\P\\J\b:A\U\q	EOtf\bX}\ƞ\Y\af4\\0F,haH\)\)\"K\B@qLiR39\D`88K6 Gpz\\\r\PFuYXϟu\^gӤ4 #\\'\$AHf\0I>\R4n:@3\L!8\\e\y`Kk(:\\>\Y}\\|?4\E@q^}=]\	ʣ\\D\<g\}\\`0-j0a/P`e28ʊ\>\\>X%\IDɹ;8K.\\j]\.\]Lm_J;U3\\3\>P=\\\\:]O1i%$J&z9E^ṣ%M\Zuv-7î\.\\&\;i\\C>KȈ\fI<d2oh\O\\\/Dp\0','6.1.3-40302'),('201811032304140_Job_Offer_new_column_added','HireMe.Migrations.Configuration','\0\0\0\0\0\0\=]s\8\WuAǩ\';){;7}3{\)\f\"$\\~\=\Op\0?RוX\ht7\Z\r}ZƓ\(ˣ49\｝NP(y8?<\_\>-Oߚz\I=\2\E0\\#Z\2\n4O0]΂E:{\g3AL1\\\z\?\\4	ѪXE@q^\%\\KD*\\\(Ch8\Q~:	$-\k\E&\7\+\\qj\?tաxb\5l@\H\0\\d͝;mɆ		x&.w8=E\n<z\qFjr\\kToZ	B\b\,\L\wq\r=ߤ\Pr\F˘\UPV<_{ݳ\t2c\xm{Y\jdgI\t\Ũ\n\"\\/(An\negT\R@\(_}A\ H\\E%\#b\~NN\'hԘ|M\"<\p\"[#cgx>\\7\"4\\?=`\G1¯Y<xoe\`M\|\mA?=\_\:K,wn}&ţ]ޟ\\\:A\\\uMtV\?iĚ\"\' Z\;UDwQ\\j\n\	\7\\\q\\\v*\-`1\\²\<\Y$ٖm\\\e^Q\[0gQ\!S?ċ\ET\h\\2:*\\F^0\a@\V0`O\=\cV\\/y\tiV\\7\=\\JW\bsmz!br\ks\\\\{Z6FuXD\\\bhU\\{|J\4:O\.\\1:Q\\V\U[V\\4K\iLʒzs!$\Ko\\\\kt\\ޥ\\\V\\"\`,\\`\혴fmT\bkM\v=\\ܝA/WqA{s\n\P\\Nﰄy\[0\[\\\\\u\{wx\\\\\mwlWw\:Do;u\oA-n8{K\n\ߔ\oY\V\XJᮮ)ڭm\\ZI\\7܀e\bl	\q\\S}׈-tg޶SD3\\:m]qsU\w[O\\rMkJL0	ߪ\n(\zu_N \c5\IY3ZoWA,-\n\AÖ\F-Q\\\>8px.榥jE\qdǦU~UQuCHme\an(\l%)l^l\\'֯V\PV\я\e	7\j\7VO\f3&PݹDK-^\aɛ\Qy.$v\B0,Hq\\\"\\W\#\n[yv_%k]7V\\X[c\C\\*w\\c\<\}\Y&g\\a\0..>UL[\l6Ye\bHk\\Zlnd\)f-z\\\gh\bڰk\D-(\x\ϥvLG\\\ju9\jQ]q+oѩomEA\k;l\r5\m_\2`T\\\\\&lV\`\h3@z\\\|U}+fpC,\!mU1\2-\V\5\Z uS\\r%쒽\^4\\~Oo{4\7pnjN\w\`??]\ki4&\ҫR*f߷uN\RA%U4\_\/\\\afJ\2[Ά\aK\\\"{b\F\[nP\QpL\GI;ʜ]d\tZa!.L\\Ý;OFY^b\~F\\h\P>ը\:\\"\)\"\62A\\\8M\l\ \sl1,~\r\i\(\y,NzLeG\\kn~OO/UҪ7\i-] \k\\w:Ga\)f(pr\rei9\nwu-aj{<w\v]UrYÌnU\\\-U[p[ɈsW\\\\Cpnj٢J0k-+j٢\\*s\`+ xZA\>F(gӉ\OlĦ\6J1\IOe܇箜fCφ\φM{T^\\\<8\<\8\ƞ\0\\|\z2$_ϋ\\v\ik<sn?Zbx*Xq\c\ZaK\\P\A-Iώ4\\ୗk\\\8x\pC\Zվ\\⎡\\xz\Ӎ\\"gL5\k,\\\[AhI\\	UDC&*+Z\\7XF&ͪ$\hFrr&Zc\"F\\P\r_LQ\9Зs%ob|\ޠ\'0?\\	J\\r{߈boќ׵\\k\E\!;\4Jx[O\bb|\ݙʣ/0[#\\5\p0``\)O\_\<\v?\\\\@29D\\`!;_I>\>(ǂ%h\FI\b <	A\/9iT{c\v\\D%z\Z\H\(;o\)JQDK5\IEB\"M	4Ւ\K\dhp\\ea\ne;\\LI(J\BM.\v*\Erm\'yU?.#6߼\\%\.i	IZ?\\tZhf&f\j\$\Pz+\Z\ SE\U2\\,3E$\\1#ַ@f\/h¸{<h\r\0\\N\Q͝SyvF۾B{4)bw\\bGgʱ >]!GÎ\\uggݎ\\4ɹ`\nM7[\\-JUA:\(+P\nRhq\\'GP	0SB\',]b\Z%Xp5\\\c\\r\\0)1д\$~\3Na5e D\'\j֪)\q\6EF+0\\wȓ$\mzk&@%\bnHi\DPX@\n]\lQ\P\@X`TS	\"=QM	H\#	&RL\wH\X\\\w\v(\$d摏 lf@`|Ch?(p`H\Zb*\ZG\\mBT@\*\<2 J3\{\I\Q\6ypV\\úF,\60yY\\\⇡炉M<\(\m-6 =vM4A@ٰ\rR*~\\3\J\C\0_\\x\htX?!Tm|~(\\(\\Xm;\7V\s\r0\Tr\a\3S\m\nܢ@\{rG\n\x!!	m\\XY^	9*$y\0IF#,\\H\]\07\jX\5,.EJ,iX.;\\H=pX*ے\0\\q\"2;Xu\"{2o\0\\\:o\0\+\ZPq1\0![\b\M/\\3M+-\z/2*\\\z5ѽC5ѨCc[(Y7R=tJ7LX:h؎}XPG=>*\\'4KN\rs?m;$n=\\H6,\\#\rJ\a$QJcdi\_d\n.\\H(KT !2I\WhxPѰC\Eg@wͭa)8x\\\)\i] *SNH\ku\n\	l61 *^\;6I\[#*\'\\\\rteKm{5T\\Ӈ|څ\\,vΘ+;(t*jRI\"Keѧ6SN\O\_\\S)ard׸GR\g)\Z*h)8\D\%ku\\\K\\A֌\\7!\ĿL?*\ìXo0H5N%J1	sҎOt\E.ћ	\=9+4SI\\ԋ>BxR\Dx\\0[WC\Z	\\\\;c\\K\'\*>ĕWzO\nqK\@a tI\^ReyA\`hUʱ\(yȻ\|\\\\i\'\(Vf\-\|at\\\?\g\\n\,dt\Z\TYRr@\+m\'A\$\b)T^\+.[w\\Uӄ]Te*;Z\\-\Dt\\fmq\yH\̪^4\"n\i^&\0jx\'\rP\㤁X\\_\H\\/R{\a69i`\7+j	i\	0m\YEC.\k7\p\g!?IC*\\ZyR\\*\0\#JNWK%\!R\N|&\]G\\\ZWY\>:l-\0YȢ\!\\-\O%g@}wV\\PZArQ\W\r\n\v!,\\\"J+v<iaw\Z]&sL\t)яlt\R8d\/Y^]tsd\\,Oj\\\f<\rBKX\,\Jrܘkx<n\gbA\D\dѪڛ1v\\3cy[y&\\7Aƹ\j70LsuS͛\nEsJ\Aga&\Zګj\ڻ\0Xj\ڻP\׽L>o\ZV*W[G(\\Ѩ\[gCj<lMIÜE^\\\Ґh5)ϻ̪jjX\5\"\\I:[\Tߦ\aBO	\SL|\\\)FU5<d\\\\x\ec\n\ɡREv0yT\Q<\r`\b%-Q\0\媾\eVZy>i_\ژi:\\{\d.{\\-7\Z\'o\vZt5ܢesӤ\\\\\\9\\\\-*\4zN$d5u|YR\s\t90KG\0W$-q&gˀ?^>oC\W^;\\+\\zCB\r\^\M\9\\G\\\\uc\\S·OO	W/\-TbU\\\^[i5D;-\m\2UT^Bo>%ʍJ^6\1?ڄh\<RP\Ye`o4o\PT\lgbH;\LQQ\0A-˼\8\02sw!c4LUb=*\J<٧otai\0\.\s \}\P\\ش7aDrG_1\8L\\}C?Y\8N([\\r\\+\OůA\_o\%Onr%W[uiw)p\y\\\i\)!wt\b\t]|J\\ׂ;;\̗\̦\\S,hQn9%[\\"#T&p1(t,Ja#?ihyP-aN`$eA$\\p\\Y\eg\Z\\n\\rڶt\n\,^Ez\\v0\0\\&)\ڄ<)2YviTac$w\DW$G͒RO|xIVc\gHC\ZK\m\N\$!:(%\?Bʨ	\%ϿDX^t\\J2!,6\\\"F\N\\\u\R09˿\pzļ f4U\\\n4\9\M%H*@yOTUN\Zpz<gG\\?\\nS\\"H{<n\o(9\\(\\U?z\\B\one@\E,\1E&#lq9\D#(\\S\Z\x0\!\V\깓й ,\*(\n%\f:!\H7Zia\rĪ\{A&y\,Y\\?L\fra0y;\\\\"x\p\g\ZQ+bm\\'jv #\nDbl\7\\pg5^(\QXzE\\V\\e\Gb>\;?\n\]\֬b\\\W(\"\"\W\nԩoaSMΌl\\L\@\\twZK\\S\C0@$\,aZ1#JX\\ns\C\'&4\m\^J\r?w\G\\\\:\\s^tށ\01\w^@\I\l>\\\Zc$ͪ>D1t\-\:\]\{>\n\n\\Z%C`\i@W+p@\4\^\rA~5\Yo\\rd\n\ AlA\c~{Мڨ\pm1ih \$s1ņ7d\Z&0F\QT\r{\r췖\0\kʵ2Ӑ0nL4zT\r3&\OpT$?\zA\\\"O\\\NJ\*y\̉rvy\\\9Q\RFWzV:\z@V\XZutxb9\ǉ3\dБ\\\\5\;\D;\\\Juivy0aj\0\_\)w\\\}\,316\;N}\\x}x#\\\㍸̥h\5(qY	\g\:\\LSX?78t~xv4\3ӉZvAܣSd\\\Y5ar	\ͨw?\\@\FwUt<]M=\<AnF\Mմ6`\\38k4Nc@\٥\NR\c\i씲w^ŋ&cP\Z%p\[*@#}\-\%n\\^:g7P~&&f\Lŧ\0	Yz`*I⾳\#\kt\rv$\\m\Fef\yH@eet/HhCI+]~\o:3\F	3\nϰ7)Ю%$\\j\r5l|\0z]64ZQX$(#U\'z\\.\\E0N?of>\v}b)8bn\\xPGvޡ`H\\\\:.\"\\\\&\'(FU\ HFC\\rFG^\\K,ux\E\\\EDbZ,J\h\5z*aV=r0k%\'hEnB7\ݷpl0\u\Zď\\\)@\L\\j|\"r,\(v@&l\ˑ-\;\[jJoϵ\}K8+e鿒tIZ\Z\cȗ\\:U#m:%\ͤب\'S\\RݐnBsi\\\22	%\&qWs\V5o\\Zu>Izi2u\\-Ua\[1\3o<\n1i#.I\\۸JG\!وUTl\\vH\N#p\;r9zG	Ɨ0\G\w\(.k\nE\}x\v?\٧x\F_Ѭ\>\"wB6/\mBϬ\ÖZ\5l\\\۔\smRz\\V8#VgVgV>\1ךX9\"GZ\8\}KL[Y:I-\\.<\V8\A\)\14قQ\Hۓ\\\"`\xM{\	{h\\H\\GIVZ\\0B噽\'!1X\]N\\/,nFL$oQRGu\K5\#\ӛ\IUeRbe\\\ۀ\z\T\PR]R\\rk%2]M\\4IM&\\m`iiSx)\0.\\0RiH\\	Pp\r[\'B\\r6$\0ļ\\'\\6{X\Mll:\\\Ӌ\\\\\.\RTE\Q\-e{\\N\"Y\]\S[C\a\\0\Wݟ|y\+i5)\$5A\l/d#mm\>!\{PA^\-~(`v[nӮH\y\Mlh]bPu0\y7X\]eThgu찫c\X\\ȅ\*Z\\V\Y\SD-\:n\V\m\u}\y%UVvR!M\\^l[M\6\ \w\(ү\jY4\^\-\"\`\\) \n6:,?o/.!P\\\rs[J\\\5L\Z\0mڳe\H \j`\G:-\"$Tl\QU\괃J0\3jE[\\\=\\\)J\!ϛmC@\J\4\[\P8Bև\\:J\EU3Ev,7G8-\\M\ƥ\\	\n\\>(Q!zw:@\D,=di:\\h5d\j\r!)VVNa}\jD\/ͣ˟\5w\\5@x\Ji\\\\Gw%\lf@JW؛\ZR	1>{mjDB\ ّ>Q\!ʓKA@\R\D\\tQ8B\Z+u\͙\n2o9[.NLS\\$ـB	\\\\4A\d\U-F\"x\J{_։X\\om\\?\E\\"]8/̮\	y+u\qa&(d|?\:g\}ڸp5U$\ieEt.&\D\\tR>@և;8K.\\j]\!\]\ĕE\L\|\"/1ll\\\&\Qh>\oV >2u|\˂\\xn!}I |k\\r+1.y\3z\\\3#XDC,\ZF\\2X>\\0','6.1.3-40302'),('201811032322443_Min_Age_Column_Added_To_Job_Offer','HireMe.Migrations.Configuration','\0\0\0\0\0\0\=\r9\`8\-{\!̈́Z,i\%*\\\T\Rl\\a?iaz\ģF\\Hd&	 3Gy\\%\(/\,=NPȖqz<ݔw\/\9z\\=N~k\%p˴8>\\lV,\**V\"ϊ\<XdY\fo^\\p0)5}ޤeB\4Kh]n\2[h\yu)Zb-\\8G蠮8$q\n:\4+\k\e5%_\׻5\CG\rŬo؂Zl2[Y<|ېe\7w\"\#&\{L\򉌺\"\4J2*\\ޝ&9\kjR\$\0\njrI\MS)(y5\\&\\\K\r\\&Ih\0j?]\\\Z\\\gtǣ{Nf,k/k\\\<-߾N>at\u@Qa^f9(\-\QY3|*Z\nhp\O\rb\i:?|S\\O\ɇ-\/\r&_\\;ܨ\7\\\=O\n\/\rv\\0\\wq\\\<7̲%ʻn&8h?	\6RՊ\sGQ^8\\\\β\\\:C\\5\uM|N\βE5W\etwG@0\"B}w\,o\\\n5\33\+{h^s۩|l\\[\\Q\O\"϶\^(EEޢ-K\L^d.㴦F\'Fh\"3sWc\cp\\n\)zy\*%\\,[٫\f\q\\f}ub\\\战gQ9\\\\=}]/GU\\:Y.cb.F	Q\\y\н~\]\!m\n\\1:>Z<\\F?w&<[}\\TԻ\¼PKߣ>\3\|}\rw\1wHK+â1=;&\>0|ն\\.\\eEk4wgPu=A\\ޮ\\0^aD\0L\p\%\rѳ\ق\\&\29\x^P/{\C \04\.\~a뼨\\_\v\폳N-J\\8I\!\\\ʾ\oJ#t#\f,qy%a)\=X\\\r4{Ӽi\\2\\"\\1\N!0>#b\NНm\"\\Թ\\S\|=\in=4)1u\w\$|\\r֣\\/6}\r:$Sx- \\(C$Uf\h]Gy(\W\r[ƶ\\\<\U\\$½⹤ڷ\\^F\59O\\5uE>\\Ce\7z\UbLv\r٠-\\`$_ġ2ף\'k\'\nH \\in2쟦\vLsG+j=[8\rnQ=\\%\C]@J3-\Z3aXU\\aEݯnMGT/B\\E|m_%k]V\\X[S\}\aAU;1p\\|\\~\0..>QL\l	6Ye\bHk\\Zln񌗕d\)f-z\\\gh\bڰk\Uv-8\\ϵwL\\\{uX9jb[]q#oѫomEA\k;l\r5^\]_2_dT\\\\\&lV\`\h;@z\\\B\}+fpK,\%M]1\2-\VY`غuم4\v\A\!\\~\o4\Wp~jNͷwo\\h\??]4\Z\?\U)\\3\Z/\b В*AD\n/\-\\\v\03W%r	\\-gC\%n\\"{bU\F\[nP\QpL\\'i;ʝ]d\t^cV!.L\\ý;O|\\\\\rbQ,\;\\Z\\\\:&\,U\0(Ű5*m\e\Z:\!Kѧ\\:f`{!Z\\}JZy\-e}Zd}-\\\b\,\hY\r\re\9\nu-aj{<wD\nvSUrUÌn]\\-U[pWɈs_\\\}\pnkm٢J0mj*k٢\\js\`+ xZA\KA#T3.\Dv\'v\Qb[g]\`׃*\#pWNҎ\gCvgC&=.\gvmeT_~hsfcOfcw>p=W\\Erp{w39aR\\BN1Gݱ\rU\j({PDeK#M0v7x\Zǳ\C\\jn﫷c(\tcy|\SeD\\Z+{\xZ\kI!ʕRu	\Ifu2m?Q\؂k\b⹜()\׮RT]\7\\\\\ہ_\#XO\\\\\#\T:^|#MN`E{V\\~\r(i\\IQdb\+ex.\'6<\5&\r^#\;\\\\\.1zaBhrR% \\\"Z\\\WD\*`\i)\Zq\Qb1\\PȄ\uʗ*؂\\tr5\\hF	^*9R\'90\\\q\k åR|\'\Rm<qR\\0\c[$M\>\\|6\Z\\z\\'\gèBcٞ;E?iR:Ap˷\,V%RH\$J\2\j\+>P|\\\\AX\\\\bB\l\d`\\\X4\\0J\\Bdh^8JFce\H0r8\:\"f$\\\0\\&۫\qDΐPGtj\ʳ3\6\n\ѤL3)ǂL\vu\r{ӏbԝu{\$\)4e.\nud[t@\Q&VP\nRhq\\'GP	0SB/,}b\Z%Xp5\\\c\\r\\0)1д\$~\3Na5e D\'\j֪)\\8\@\\n~\;\Z^\I6}5DJV\\r]74\\"(I,b.\@\p6\\(r\m A\X0X	OiTSҹ<AHS6\_pljĝ;	y\#$$X?\\:\,\n\\\X\RCJl\\Wb\U$vJ@\0OH=Ҍbу6M )[>t\&/ΪMX\(\&/Ku0\\0\'\<%\dǾ&0\"(\AJ\VE\O=\V\rmro\\\@\P*?Pc\v\\\o\5\`\&\g\\۔E\\VBB`&E\T4p\sTJ\q0GX0p\nհkX3H\r(Y\\XҰ\"3~}vv\%zj7\T%Z\5\\\\\R	e.wEd\\0\u\0{\\0W42\\nb\0\dC\0	ň\|_\!7\'f`\$WZ\^0je2(-T\\'j7jQr0\$;vDQj/aoz\otаG$H7z$|U}T\\\rNi\\Z\1~,\(1vH\z6.lXR\G\ZbB\R+I:\Ȃ4ӆ\48\\\#ZSQN=ABd <q6\kRA3\a\zS΀(\F\\Sp!,\r#/S>\ӺZA\CT,AH\5z\:}WV	F_t\$H낭||8\@G\;g\"-|\¼\R\^\ra0O\#\.\se\ŒNEW*?I\~,ц~\\I\+u\{J\"%LΑ\ZH\n\,EC7#Gr>\M]v8P=\\e\Zd\\r\0nyC\0JI\b=\(\z)DLp*Q\L(v|Do&@\L%ǓvLϓ}8$8	NF$8!\#3&y5\\7$w\\0\\7-N &	U\}+\n!}F\\%\@r\f]L\ʎf\ZE͇@\r%uͶ\\,\\}ѷlL\\hAm><8>\\lVTUOf\2yO\\٪1[0:R\z*<G\\)Yꕶn#AtI\\Sm­\\mBnR2\JG=-?\ᭈ\Dt\\fmq\UhD\ NdJ\a\XO&\Z\\I\\+@\\!\_,+b\r+\lsT\\oV\e\#cڢ\(\"z&)v]\\0o\\\ϗCvw-Xwh\Iqĺ\Zn~\ü\R*9}!.H}\:uƷqwhx\\fs,\,ܷ\0f5\2%nA*	8\\0\*(\\n\\(}\\n\\\!\0j%Z^\i=6Q1p\G-\؂S	B\t.)p\\,[I#[\D\cKm\\([\'2ѣ\Z*Wf!9\"ϳE\\\~~B\Jrܘkx<n\gbA%D\\ޛ1v\\ь3cy[y&\\7Aƹ\j0LsuS\\\nEsN\Aga&\Z\nػXC	 \oV\J\|{_l\\\~_l\f\T*x\\X\h1sEpEI\'ܙy\\YטYp޳n\K=[\ZM\\\E\CMU\r\_pΖAl\\0\wib\n{cCQ]`\rO)Yr;1*Z\X([-srTL\1C&U\\0zO*XaI˓\Q\\=|nV^Ū\<\\AG\d\x0c`\`\eϺ\F\pn\1\N[T\na\\Z$=\=WVe\\DrAVS\'%5\+:2MoY2pp\W+H\Z\b\Z/|\'\\\]_s8\#1\¼l$Ժ\,w\a\EX\t>a\>\\P7v!6B{\p(\\\INz](R\zL3m%ډl\\TEo{d2\d*}a\/QnT%a钳H\rBg%MоGBCQQ5\E\<3Ehxf,(\D\0\އ\0UIt\\/d3ҡJ\Z\0C|%@ ѵUXp\pX#\n\n\Ʀ\h\';9\Ad\nl.\#R\\i\\\ne67\\E{/z.|jtӼVk\j,|\Ri工L<E\5,\[~\>D<ߧ\.Z\l-۔\\j\0%\%8e6i\,hYm9%[\\"&wT&q1(\Է~\0\QBY<ϖ*\'	\N\n2݈ \ɎICopu\{,8rEV@\\\I\u*C0W\\\F??v\&[ېG6]\"\4\1ń2*\1Qh\VR\B\WJ0d5|k	1\4\\)n\ԞHp)$\p)qPR\\PT7\\E7\\J謄j)\b\\r jT\\\Z*\Q\.\\&IwQ\{:	b*!g_[/\\.gTI$UT4Nu餵;O$4\\5.4\s\K\r\\}:9I⨨s5\0rU%\r5\\g\"PbH]\\/[\\~*l\\nJF5\xGU~z%&t/\`\\iN0\N g\~X\(勇(u.\\\\&\yCx5ʱtr=~D\}p<=|Y	.5z;J\r\"\06\_vp3X?`tT0\#H܃jcڝѡ\~$\C؃p\fYb\:*fݝ\\z\r2&~E\\T:5lʵəW3\0ڙ\\Nki0<u\rԇ{\07h%(bN,+\\ƽ>}\0ibƽ$~\8w\\u\	\s^ށ~\ qR8 \\0F	fQ\&+\v@	q\\uk& y\B{Ƀ@;\\Z\A{Dљ\!\mQK3\U\\c\Hi;zoX s\\{М6ڨ\c\4<fÛ2k`\-8i?6\zuCA~k	 \r\\+#[A	\\\D\S,\\D~R!\?\/gL\!pT!`T!w K,\ME\s;\\'RJ^=9Y\>~\\\66g6\\\\\\\J\RZ\?\.TS_\\@׉\(V\q8\k@\-n-}c\\\$Nc *|(a\\\\\eX^k\X\B˧\y&jBx*\\pڞҳ:\y\'\<\|2\\Z\\0\\\f%gg\d7 3Ma\\\)t\hhCGf삸Gs\r>Ƞ\_\\W\k\Zc\\\&(7\c}^\Ur1f6yX\yW8܎\6`\\\8kT4Nc@\٧\\\'6鴉`J\QId\ݧv3\q\nd\c\$2\ZrK(\眑\!\GD.y\'{\1@!\$LH\\x`*I㾳䣗\kt\rv$\\\\Fe<$2\R$UɃ!ŵ.G\n\7KY`E`\\hW`eo5\\\\Z6>\0\D^\rmA!wԷ\D\9\f7\tô\&q`\ns\MK\\\\\u#Pƛ\8mCPt\ON.7Iu;\*=C	*\\dQg8E\HR0\\\+A\K\"tqDvEG\Z\:\E\Z\\=0}9u3&7iw]/LDa襭\f=3\&aF\n\D)fh{+8!\ZK \8=\<|\	[|d\\N\n\\\\JY\$]҄\zNI/],\f鿎cD	{3)6)H\l7\FP.o[\dvL\\mCɹI\\\\\Qe\\5FOp\}~FLvGUFb\Oz[p\\lzW\17;\"$[Q1Z\\ri٫c.zG.G\(:N&PHVx\fP)凗8m#Sϻ\+\\Q\Nr_(\fESM處ԙ\Q\\\x\"y\\yҷKJ;\\igu\\\\\J\\8\Z+G\Hku\c	i+N\'ɣ%ܼЅG\\nQG!:\FD4\:&>\![0	q{2|\AL෧X\c}E(\\\S\ZFU(r<$$\WӃˉ\\툉\}\0\"26WT\)}.y\\"`z\\?7J\WJy\C[\c\{\*VjJA^\qD-{|˒6\wI\\q|z-,>M\E\\߇B*\r)]z\*\r\"!KV9]Ζ$Xp9\>\Eq%bܼ\\_M\'}xzQ?|<]\fX\9\EԴl/Y\I_$룿v\]+{\j\:\\\0\/y%&e&h\%l]b\\\'#yJ\6\k\\\\~\-t\\\\0\oZdC\Kj*Ā\\\Ų\jބ@;\{e}ums\\B.t,Vu\\2w-ضB\B\r\\ܜ\"j\\\\wۜ\ݜhn\\n\S,ILP\i\nX\ _djB0XiY%\PF~\X\'T͢)zemnS\\\nOW\\\diyxq	):\Aǐۺ\rT\Z-9d:԰ei۞-F1`WCCtt8\q\! 2`uUT\nT́I\(ڒH\\H~\\'\NP:\}D\\h[VJa\Ԇ\"G\>6\Pz.J|6\\;ڑ\\\rⴰ[71^\\\-\n!}3P\Z_QC\"t\"<Y=di\\h5d\k\r!)VVNa}\jD\/ͣ˟׵\\5@x\Ji\\\\Gw\lf@J_\MWPT65\"b\\\\hN\0xYB\ɥ  MipP\f(!:\r@\\L\\\-\є\'Js\`\)kplA}\sq.\ZVw2\#^\rɯC\DC\G,\iy;_\hV\s4\2ˣ{t-QRT_f7)y+uqah~tu\ӻuG\0jpI/Qa\ :\\.Z\I\Yn\<ڔ\MV	cW]G3磫ꉼ\"\useIf\#\\\\',Iҧ,j\׹|Axq%\\U:#ܰ@~D\\A\\\GgqtGѷ\?/WT\0','6.1.3-40302'),('201811040018195_agency_Details','HireMe.Migrations.Configuration','\0\0\0\0\0\0\=\n9\\?\qУ\\C[\l\\\y*JJ8+&3\-a_I˼y3xdVJ#4\V%\ \AF\\ox\rgy&\ÃNV\:Jn\\\?\\\\\׶ޫi\\ؾ^,\ޠ`4OoUYux\\_L@\	\\\r\W?\ϓ4Y\mCy\q\|\'%\\n\\#\\|VxK\s|PW\\\\"X\f>CI C|%\\\"K\\|@\-&nP\f\\\YxY\b\7lAvyn,jв\;!wޡ \-ApPκB\\-Yׇ\\I\8\\\_\֞H\w]\\\2|\]\\\:V\ӯ89NvqL1ȧ,\\x\7\@\\قm\wΒ\\\\#q\\E\q3T\*\n\;[\\n\\G\\Z\^	ّ\38-\\\\\]t\\f$_\5Ҩ\v\\Y5ަ#uΣ0x\(A8{ey1\n2?q#tE\ÛU}#\\\$\#e\(\'sX\\ϛ(Ƅ_F7\\1F\50<b\N\?eiVMO\\\#\V\%J\Q\1QQ.q\\U\\m4\.K7i\qDj\U9TU\3\nq\h\+Zՠ\&{P]t\Ԅ×?L\(©\\\K\Y5κnʭ\~dÔ4!\=g\?0\r\\\iR\\5?[\\i:4\\ZE\\ܔ Z\#*\6M\(B\r==k:K\AD\v=;O\#=\r%eQd\)(ё^EDx\EFj\kXP	\\&={Z\o?%˰\LӍ=[mflߘs\8\\v\\tL|<ScP|o\xG\n%\ßݠ(\m\p\OT\(.Xm\s\\,\w\\Z	\}^\\\+Y\(\\\Smeiy\y!A_~E\e\\ \K+\r2\	\m\\L\kn;AM4wg\7\8}{&%\0\@\0L81l	\\:~\ֱ-l?1\l>\\$jw5\[0Xgyw\w<D\\\<WG\\Q\C\\ߕ~G\_JxU\J\h\J\u\\AW͛{\\]45r0Zެ/\%.Ֆ|\}t[Dٛ:W]]qsU\ͭ5Ev7\\'ev7\\k\\r$\\KFb\_֌\\\\F0QjMtj\FؗJjoZr\\\=G\my$;k4\2~\'j+\EuSY\jc\rĈL&;\\n~NPI[CIZ?kCieG?N\N-&ܐ@\\dX\?M@M\Z\z,:\"\\z\Eޏ1D\+3-3\"S7\\\txD\"Ph<_ۗ\Zq\UG~:B0)xBx_P\5ƘG9[\\\r.dR\Jt*\\f\"|R!k\|ƻ\3^J\ZY-\ж\6&}aA\\\"49\	\\R:a\uC\!\W=\VXiJ\z/EKՃ};\	[Jl\\\0MCn1<Y\*fpOV\\j}UWb:L˱vVK%l\\:\R\\z\A\.#\~O4\\f\v\|	ݚo^h\?\WߏoyD[*\r\r\R3\WM\R%Ut	*<YPOڭ\0W-\'\\T\\r\x\LqK*5(JAu\~.t 1\\#}`\M3g05\nɺV)E\8\;<P\k/F\ S6\_\\\c\\Q Ter&7Q	\h\_P~78n[,\f봋4wk\q-\\\\whED\ۤl\\r\CIuX\\w \pެV{#Č\\ߑ) \\&K+Rce\U_\#&SU=3\\Q$S\2ܐ\N;Eఛ!W5\í\=pW\8澦\?Qs[U=ຆqM5ۡ`#mjZU0e;L\l5|\\M\]91\09\\rW*\r\\q\T*\?QoǾc\c\n4˞P]9톊;\\r\\\j\\03	xP}	y\q#{;0\qx\a\\^9q\=\8Il\Z9x\V\⦣\ZaK\UQ\%gG`\.w˵rg\\@\Z\ޗor\'P\=\\Ʈ9.Śqzҧ\/z`\\\Z%\Z4Q\\1ՁYg\\p\Q٧\\)\\(\~!{9Vb]e\ʻ\/K]߹1>v?\{01\\\ן\{(r˃\hdlr-\\+}m\"4\'\\tUº\C\M\3x\W~N5*\r\?םuls^Dx\{Q\"\+\\5诸̗\n+\'%\F\*ڢ\b\"<J9ԮS\e\\=S&-(b\ӰAEG\F\yqp ny\rd8U\DZGN*@F \\!ICiV]*Y|6zyL\0QTd\)(HP\A269}\\\"/bUH%\NDXF Ym~\\\Oi}\\;\6\Y\\-\0T:VF\\0\0ӓ4\)@\>\}\\\0\G\\\A$$C\\1ڷ g\'4a\^=CZtR\0;zOg	\\\SF$[_\F\r{4*,\\3ΔBF}nV!\#\ղ\/\#\4\`M\\\7΀f~{+\0SUH9\\\V#\Z\\\Uy9\'J\\hV⸛\\Df\\AۃhdOZx`Lp1K-⢲\\|K@b\\@\A\\\u1\!\YVT	A\94\"S\}⚱yziN\(\\sl\)b\P-.F\lQ\P\C2>W\ d\$<Q	H\\c龪(Ij4a\7\N%6\\\\Zunw]E	H=\rƙ\($vdK&.LrI	CDBR4Q\+}*\\0&E}4$\CqF1\ޔM\r-=\\+6o49\\e1\ˢ\\m\::\\\ȓ\0E\h\c#M`6lo\z!\\n\\ӽ\Z?N\0\Z{\G\@̽\ep\'541uj	~s9\\0[ME7\|\\QMAZ\tO\\*\ZO$h\"&\'\B\>;\N&|`8J\yaunf\ZP 1)a\>Ȇ\ݞ) XA-\C\\0ʆ&@\\rfؚ;93fXM1{\a\0\[\0:`\0ʳ*PQ6	\E\k{3niܜYm\i6Y+p\9>)ίgS\\T\r;l2J\r(C{	\2\g\Zj\\	\n\+\\"ބ:\UeQ^hp4H3\\0\ps\FqS\\Gڸ\aQ%Fje%NKL(AS\@5p6<MƩ\l,ќ\Du\	\Y7j< -%4CO\07v*\'0u`\n2l>E?v1ĊŁqbd\`̇y[K\\Ւ=\c@\\ar\n	LV	FK\+\\&\n҆Hh\@$\M_\q\j/=,Tz\SS\[4R{\\z\r\H0g1Ih0*ѪZ\\\\>#\c1\\\A)_\>C\\>\\\rx	\'{NĄ\\	\Zs\g#9\\\0$\\B\5K\\&\O\0s#jg\\\ZQ|\0`J\Ҩ\\\!\Q\\\\%<̈R\i\\':\yKtH\\0j\X9\i\Ĺ\y\sSS;\XjăIG/\XW//nY\\9h\n#]ܑ(@yU_K#T\\Z\cBǌZJ/j[Jҵ\\;\h\\\\\rj>-H\;\Iۂ&*JneeܢUy2\\|vx~W\׋E^\6\)t@\tŋ,\Z\b\4ދ\H3t\\lBOQQdI@m\\f۠ɐ\>Q;3M\wdf\Az@W%\rI\\\.{M\n<I\\&1\k 1\r4#il\߲\\\mʠ\\m_.?\`ҥp\\(!TQo\Ґ\Rk\۵}5\\2i)\\;\I٢\z\"P)\W,XiՕ9O\gXP\r\4ʋ,Z<$;Z\8n\"́\n-\\򍚟\aVWrh76/۵ll\gkX\ؘ\т\\<_\ȼ8	\T\(/>G\VtIfu%\=!\bٷ\m\}[\\"8\\ZX\\n[lڿ\'\"[|RII\`Wh\p\gk!9M9Ew&J=lzH}\48*)H=\B\P\]U\(`A\\b$\\[GPՎ3@?zn\"c\`{-\\bb	iG\	:\]\%?g\n{\m̛\\!sʕ\O\\r*c(\\n\\ۼ.\nuB*>T\>[\\rb^t-:\9Vp\%wϢm}\AU9sZC-cH\TOw\nSZs\`ЩX\TSCAdx<\|Cgk\\\yvgk\\\v\\	\\L?o6\nW+\(\NQϓ\g5Qj\"\BUBPz^[*U\\\Unh\:԰\9G\lDq>`Co\rLB\xM\\S`\rOIYr;2^\*98b\n%\\P\";\\<L\f0Un!a˖o(F\1m\\I+b\fQ\c\\\\&dgqrL\d.6\č&\\B\9f\<Y!\S9̫*S\O\mYmjT\rP\\K8hM0+G\0\|$u-*M\6?a>O|\\R\\"1L,aM\=.J\]@{V7\(\'iϧ~3ԍݳ\$\\\^R\&\$/խ\T\\VȖX\N,r<}{Dj*\JSLvY{\7F\FE/{Z1\\}d\k\\^\'h\ۚ\\\kf\n\n۲ \\ZzN\T%}\A#œ}dC7	ܬO\0 #ax\4=Cy^_V\\/d\8LǴ\_\\Z\I\Dن772<=\ֿޢK,<\Z޴,\f+g[M\(\\\my)p\y\\\;\"mR\=r\\R\mRYH_\n\\0SR\\0[2f\f7Ȟ~GH+\SBi:}RS\EB\(0Ga\jȢ\A}U9!H5\\'IH\lb.T?~\GH\nj~Co\\"\+\6\6\E{\mUiK`(\a\Qa\\\=ٸ9>@zH[)\xB\\4e*_ͫ\"\"T/<ǫ|^/Oz|26k\n1d7\\)n\ԞHI$\p*qR8A\n/,\*\ \l\0jPԎl	iGI\\ڑ`v\\żIJ%	\\0HB6\\ғiٓ\\\ATBvQJi5_\]v\&\'rBT@BP\d\S}\U\ք9?,\՟\'q˓\9J¦?_qr<\\ٛ8ByIb\U\7}n\JcIf\r32|KcJ\8\ZZ*^\V\H\\\\n\/].PQ\,\M\򀬣Å\Ĩ;\\~V\kE\\r\-\ZQ\G4\"*$iP_\Eі0\Z+g\03t<\KT\0\n1&!&\PC\d\\Ux=;O!e\٧׳\\\LFxw<?|~مV|(r}\$\H3\r\n](\0\+4\رXRw\G\5֑V\`k\K\)\\V\\\| D\Piw\ן˵S*yL~\UW{idt:;t<6\\e\\0\"ɝ\\!\rR:$\IKL:\d\	&\d3\8\\\\\pJo0E<\LfTğ~\E\\\rFflU\oaF\lS\m4)aw\I\\)}K\Z6y\B\c50\?DC\-\g_~#nt\\a\~8	IQ\s.1MP\F%kJ3Y\Bupx5PmP#\ѦᰞE\\kl\?Y\\1\J\\$( kGp\;0\$&mU\RU\\\ҝ/\rPCS$4G<vT\5_Wyۧ\p0\lع\\Z\ѕ NpT\}]G^hE\q\\#tb!k\\n&/tBQɇ\"F]:\\,\FL]\\	\N\YC\\8C7\Փ:\y\'\]~\:/\"HMSh?\\r:ۢ\z<;\ZZ\Q,C\\\_MգW\r\IU\_(8g	BB\S\J *\.h^&\'x;w\\npM\\c4\\\'*9y\d0\}\CO9Ie;~L\\\| ^aB\~\5\D(\眑I7\D.Ϡ\\)\n410I\\\$ce\Get\rz$qߣ=䛖\F%<$j)\\nO\\BNY`E`\$hW\\r\FI\D^\rmBA!gwX\D\9\f\Z^caZ\\y8,\4s\MՒR؋#Ɵ\J~L\8m&S&\^*\\\"*\\0H!7ڧ\Ǹ7:\	\Wh-L\Z\\r;?]å]JK7/2YT/(YE[s\\ꩈYB\Ѣ̗\myC\{w\\-	)L>5=5_-w)\(\\:ڣ	z^/Et\#\<|\7\\Ж:\ť\)\\\\ZlIK[\R\4]@`֙\iKR\\,\q(6F\"ab\\ri\*)K\:Y~މ1i\\>\\\\*\\\Zu>Qz	q2KeadWe_jb\FP^\H\m\\#\\LH\bF%2\rjyT\\\􎜎\Q.jɥ\\;cO\,\)N\DW\\n55OfЫ\~:+T\I&\\^#7ļ\&ֳ8\n\\\Z\F3\zI\\'f~n&s{S}	>Gꛀ\\ȯ;ڜ4:W}\\\\\R\\8:{0YґVM\\G쿏EHp<I2X\Y[\"\n\\$DGVnj\"bT\5dF!#!xS6pS\*\ۓ>\acw7kVȘ{|\CY|8\a\\\\=\nF#{:R,0iI4 \ 7jJ\nN\ױ\gIV\\+So«\n\{\\TqЛ!\T\餸R9\Jk\Li`mJ&峠\âEjSx*\\n\,\0U\Z2?\#T\D,C>.֣ZAH\Z{p\\y\Z=^%8\V׸\.u\ntrl\s?\	\ru7\x.\ǬCj8òЩL\uc꥿K:\d}g\.: eO]\r]o_u\~`\q\ZIIMR4\\Y6ӮP1\\ґ%hkW\nx{^\/\M\0&\\ɦ֗*&\TBH\-2J\Mhg\찯c\XT\*Z\\Yd|\r\\ܜQj\\\wۜ\\ݜDhn\\nNk,QұLj\'#\\\VI \"M+dtN\%RsQM4BS\zϨ!S\Ҕ\"\\hi\nTu\O=\\\\m\d6L1m۳eP f\r\ b@:\<&Ht%\ū\\m\\qCga(Ys`5>(\DE\Pk(\G\`T\"\n\*I\4\+\PĿC\\\\:\"S?fB\LGrۛ\P+-X릅\\\#\cIa\bϴ\j\\\'?b$sUb&\T\?jP6A9(D\\ZI\ia-}!(\J}rclЁ_j\\\\D\$%ni\e5b@3U\I\'/*mP\0z\]h!i\1P`@o\A\0\Tx\B!\	\Sja4B]ɘp-5V%\0\"\u3d~Ss PGS\Z)\͒\'Q.3#\\Mmids_$j1\\+KWܛ<\X~\\IML\yteGN@~iny\q^}=Z\\\q\)Σ\\\\Ŭ\\9Kn\ֱQ[\\DT&+*HqU\\g\?|\\\Ӯ\\\n2et\\|z512\J\u7\w Jo\Qr-qۇ\\4j\\9}\D\ߧdao\\0Hļ,ڏN#tM\\ۓכ?\\rE\\0','6.1.3-40302');
/*!40000 ALTER TABLE `__migrationhistory` ENABLE KEYS */;
UNLOCK TABLES;

--
-- Table structure for table `agencies`
--

DROP TABLE IF EXISTS `agencies`;
/*!40101 SET @saved_cs_client     = @@character_set_client */;
/*!40101 SET character_set_client = utf8 */;
CREATE TABLE `agencies` (
  `AgencyId` int(11) NOT NULL AUTO_INCREMENT,
  `AspNetUserId` varchar(128) DEFAULT NULL,
  `AgencyName` longtext,
  `AgencyLogo` longtext,
  `AgencyWebsiteURL` longtext,
  `ManagerFirstName` longtext,
  `ManagerLastName` longtext,
  `ManagerAge` longtext,
  `CompanyActivityDesc` longtext,
  `CountryId` int(11) DEFAULT NULL,
  `CityId` int(11) DEFAULT NULL,
  `DistrictId` int(11) DEFAULT NULL,
  `ProfileVerified` tinyint(1) NOT NULL,
  `CreatedBy` longtext,
  `CreatedDate` longtext,
  `UpdatedBy` longtext,
  `UpdatedDate` longtext,
  `ApplicationUser_Id` varchar(128) DEFAULT NULL,
  PRIMARY KEY (`AgencyId`)
) ENGINE=InnoDB AUTO_INCREMENT=2 DEFAULT CHARSET=utf8;
/*!40101 SET character_set_client = @saved_cs_client */;

--
-- Dumping data for table `agencies`
--

LOCK TABLES `agencies` WRITE;
/*!40000 ALTER TABLE `agencies` DISABLE KEYS */;
INSERT INTO `agencies` VALUES (1,NULL,'Agency 2','E:\\Personal\\Projects\\HireMe\\JobTek\\HireMe\\CodeBase\\Server\\HireMe\\HireMe\\App_Data\\uploads\\20181104-health_plan_erd.png','http://sqlfiddle.com/','Bibhab',NULL,NULL,'dasfdasf adfas adsfasf',NULL,NULL,NULL,0,NULL,NULL,NULL,NULL,'6c4e7873-967e-42f1-8466-7385c50babac');
/*!40000 ALTER TABLE `agencies` ENABLE KEYS */;
UNLOCK TABLES;

--
-- Table structure for table `applicationusersecurityquestionanswers`
--

DROP TABLE IF EXISTS `applicationusersecurityquestionanswers`;
/*!40101 SET @saved_cs_client     = @@character_set_client */;
/*!40101 SET character_set_client = utf8 */;
CREATE TABLE `applicationusersecurityquestionanswers` (
  `Id` int(11) NOT NULL AUTO_INCREMENT,
  `AspNetUserId` varchar(128) DEFAULT NULL,
  `SecurityQuestionId` int(11) NOT NULL,
  `Answer` longtext,
  PRIMARY KEY (`Id`),
  KEY `IX_AspNetUserId` (`AspNetUserId`) USING HASH,
  KEY `IX_SecurityQuestionId` (`SecurityQuestionId`) USING HASH,
  CONSTRAINT `FK_608d5cd3f97a476ba0f5454254865ef7` FOREIGN KEY (`SecurityQuestionId`) REFERENCES `securityquestions` (`SecurityQuestionId`) ON DELETE CASCADE ON UPDATE CASCADE,
  CONSTRAINT `FK_d5c9de396e5e43519bceb4f2c094eddd` FOREIGN KEY (`AspNetUserId`) REFERENCES `aspnetusers` (`Id`)
) ENGINE=InnoDB AUTO_INCREMENT=9 DEFAULT CHARSET=utf8;
/*!40101 SET character_set_client = @saved_cs_client */;

--
-- Dumping data for table `applicationusersecurityquestionanswers`
--

LOCK TABLES `applicationusersecurityquestionanswers` WRITE;
/*!40000 ALTER TABLE `applicationusersecurityquestionanswers` DISABLE KEYS */;
INSERT INTO `applicationusersecurityquestionanswers` VALUES (2,'17e8f579-d48d-4076-be1f-5a34dc314167',1,'ddlj'),(3,'4c443678-ccf3-41e7-9580-a46f5f9be230',1,'DDLJ'),(4,'1c658a7d-7eb6-4653-9a1b-2877be90838c',1,'DDLJ'),(5,'3c61b87d-3c7f-492e-8474-148da07d052e',1,'DDLJ'),(6,'6c4e7873-967e-42f1-8466-7385c50babac',1,'DDLJ'),(7,'08c04037-dde2-471d-9ffc-eba16fa7aa01',1,'DDlJ'),(8,'c6bfa92a-13c4-4ba5-b555-9c556c389389',1,'DDLJ');
/*!40000 ALTER TABLE `applicationusersecurityquestionanswers` ENABLE KEYS */;
UNLOCK TABLES;

--
-- Table structure for table `aspnetroles`
--

DROP TABLE IF EXISTS `aspnetroles`;
/*!40101 SET @saved_cs_client     = @@character_set_client */;
/*!40101 SET character_set_client = utf8 */;
CREATE TABLE `aspnetroles` (
  `Id` varchar(128) NOT NULL,
  `Name` varchar(256) NOT NULL,
  PRIMARY KEY (`Id`),
  UNIQUE KEY `RoleNameIndex` (`Name`) USING HASH
) ENGINE=InnoDB DEFAULT CHARSET=utf8;
/*!40101 SET character_set_client = @saved_cs_client */;

--
-- Dumping data for table `aspnetroles`
--

LOCK TABLES `aspnetroles` WRITE;
/*!40000 ALTER TABLE `aspnetroles` DISABLE KEYS */;
INSERT INTO `aspnetroles` VALUES ('dd8d9d4f-9fa2-4205-b88d-52ef13f1ff26','Admin'),('f2108fdf-f316-4932-b9a2-746730fb47cb','Agency'),('60d85a66-c870-4ce7-9031-72d5ffc14b1f','Candidate'),('b46b8bb3-bad8-4001-8a6d-33ecc76e6d1d','Employer');
/*!40000 ALTER TABLE `aspnetroles` ENABLE KEYS */;
UNLOCK TABLES;

--
-- Table structure for table `aspnetuserclaims`
--

DROP TABLE IF EXISTS `aspnetuserclaims`;
/*!40101 SET @saved_cs_client     = @@character_set_client */;
/*!40101 SET character_set_client = utf8 */;
CREATE TABLE `aspnetuserclaims` (
  `Id` int(11) NOT NULL AUTO_INCREMENT,
  `UserId` varchar(128) NOT NULL,
  `ClaimType` longtext,
  `ClaimValue` longtext,
  PRIMARY KEY (`Id`),
  KEY `IX_UserId` (`UserId`) USING HASH,
  CONSTRAINT `FK_AspNetUserClaims_AspNetUsers_UserId` FOREIGN KEY (`UserId`) REFERENCES `aspnetusers` (`Id`) ON DELETE CASCADE ON UPDATE CASCADE
) ENGINE=InnoDB DEFAULT CHARSET=utf8;
/*!40101 SET character_set_client = @saved_cs_client */;

--
-- Dumping data for table `aspnetuserclaims`
--

LOCK TABLES `aspnetuserclaims` WRITE;
/*!40000 ALTER TABLE `aspnetuserclaims` DISABLE KEYS */;
/*!40000 ALTER TABLE `aspnetuserclaims` ENABLE KEYS */;
UNLOCK TABLES;

--
-- Table structure for table `aspnetuserlogins`
--

DROP TABLE IF EXISTS `aspnetuserlogins`;
/*!40101 SET @saved_cs_client     = @@character_set_client */;
/*!40101 SET character_set_client = utf8 */;
CREATE TABLE `aspnetuserlogins` (
  `LoginProvider` varchar(128) NOT NULL,
  `ProviderKey` varchar(128) NOT NULL,
  `UserId` varchar(128) NOT NULL,
  PRIMARY KEY (`LoginProvider`,`ProviderKey`,`UserId`),
  KEY `IX_UserId` (`UserId`) USING HASH,
  CONSTRAINT `FK_AspNetUserLogins_AspNetUsers_UserId` FOREIGN KEY (`UserId`) REFERENCES `aspnetusers` (`Id`) ON DELETE CASCADE ON UPDATE CASCADE
) ENGINE=InnoDB DEFAULT CHARSET=utf8;
/*!40101 SET character_set_client = @saved_cs_client */;

--
-- Dumping data for table `aspnetuserlogins`
--

LOCK TABLES `aspnetuserlogins` WRITE;
/*!40000 ALTER TABLE `aspnetuserlogins` DISABLE KEYS */;
/*!40000 ALTER TABLE `aspnetuserlogins` ENABLE KEYS */;
UNLOCK TABLES;

--
-- Table structure for table `aspnetuserroles`
--

DROP TABLE IF EXISTS `aspnetuserroles`;
/*!40101 SET @saved_cs_client     = @@character_set_client */;
/*!40101 SET character_set_client = utf8 */;
CREATE TABLE `aspnetuserroles` (
  `UserId` varchar(128) NOT NULL,
  `RoleId` varchar(128) NOT NULL,
  PRIMARY KEY (`UserId`,`RoleId`),
  KEY `IX_UserId` (`UserId`) USING HASH,
  KEY `IX_RoleId` (`RoleId`) USING HASH,
  CONSTRAINT `FK_AspNetUserRoles_AspNetRoles_RoleId` FOREIGN KEY (`RoleId`) REFERENCES `aspnetroles` (`Id`) ON DELETE CASCADE ON UPDATE CASCADE,
  CONSTRAINT `FK_AspNetUserRoles_AspNetUsers_UserId` FOREIGN KEY (`UserId`) REFERENCES `aspnetusers` (`Id`) ON DELETE CASCADE ON UPDATE CASCADE
) ENGINE=InnoDB DEFAULT CHARSET=utf8;
/*!40101 SET character_set_client = @saved_cs_client */;

--
-- Dumping data for table `aspnetuserroles`
--

LOCK TABLES `aspnetuserroles` WRITE;
/*!40000 ALTER TABLE `aspnetuserroles` DISABLE KEYS */;
INSERT INTO `aspnetuserroles` VALUES ('08c04037-dde2-471d-9ffc-eba16fa7aa01','b46b8bb3-bad8-4001-8a6d-33ecc76e6d1d'),('17e8f579-d48d-4076-be1f-5a34dc314167','60d85a66-c870-4ce7-9031-72d5ffc14b1f'),('1c658a7d-7eb6-4653-9a1b-2877be90838c','b46b8bb3-bad8-4001-8a6d-33ecc76e6d1d'),('3c61b87d-3c7f-492e-8474-148da07d052e','60d85a66-c870-4ce7-9031-72d5ffc14b1f'),('4c443678-ccf3-41e7-9580-a46f5f9be230','b46b8bb3-bad8-4001-8a6d-33ecc76e6d1d'),('6c4e7873-967e-42f1-8466-7385c50babac','f2108fdf-f316-4932-b9a2-746730fb47cb'),('c6bfa92a-13c4-4ba5-b555-9c556c389389','b46b8bb3-bad8-4001-8a6d-33ecc76e6d1d');
/*!40000 ALTER TABLE `aspnetuserroles` ENABLE KEYS */;
UNLOCK TABLES;

--
-- Table structure for table `aspnetusers`
--

DROP TABLE IF EXISTS `aspnetusers`;
/*!40101 SET @saved_cs_client     = @@character_set_client */;
/*!40101 SET character_set_client = utf8 */;
CREATE TABLE `aspnetusers` (
  `Id` varchar(128) NOT NULL,
  `FirstName` longtext,
  `LastName` longtext,
  `Address` longtext,
  `ProfilePicUrl` longtext,
  `ActiveUntil` datetime DEFAULT NULL,
  `Email` varchar(256) DEFAULT NULL,
  `EmailConfirmed` tinyint(1) NOT NULL,
  `PasswordHash` longtext,
  `SecurityStamp` longtext,
  `PhoneNumber` longtext,
  `PhoneNumberConfirmed` tinyint(1) NOT NULL,
  `TwoFactorEnabled` tinyint(1) NOT NULL,
  `LockoutEndDateUtc` datetime DEFAULT NULL,
  `LockoutEnabled` tinyint(1) NOT NULL,
  `AccessFailedCount` int(11) NOT NULL,
  `UserName` varchar(256) NOT NULL,
  PRIMARY KEY (`Id`),
  UNIQUE KEY `UserNameIndex` (`UserName`) USING HASH
) ENGINE=InnoDB DEFAULT CHARSET=utf8;
/*!40101 SET character_set_client = @saved_cs_client */;

--
-- Dumping data for table `aspnetusers`
--

LOCK TABLES `aspnetusers` WRITE;
/*!40000 ALTER TABLE `aspnetusers` DISABLE KEYS */;
INSERT INTO `aspnetusers` VALUES ('08c04037-dde2-471d-9ffc-eba16fa7aa01','Employer 1 First Name','Employer 1 Last Name','lakjsdl akajdjsflj','E:\\Personal\\Projects\\HireMe\\JobTek\\HireMe\\CodeBase\\Server\\HireMe\\HireMe\\App_Data\\uploads\\20181104-health_plan_class_Diagram.jpg',NULL,'employer1@gmail.com',0,'AGU1/PuUhRPJQ/mRMILhudcn20ETFkka0mCBKUwMtpbQCP/40cOBPSLSH7Hq1Q6s8g==','df5da492-8671-4787-b05f-3efdf4b744c0','9999999999',0,0,NULL,1,0,'employer1@gmail.com'),('17e8f579-d48d-4076-be1f-5a34dc314167','Akshaya Kumar','Dash','BBSR','E:\\Personal\\Projects\\HireMe\\HireMe\\CodeBase\\Server\\HireMe\\HireMe\\App_Data\\uploads\\20181101-health_plan_erd.png',NULL,'akshayakdash@gmail.com',0,'AOmj0mXTGco+CzbHoso6lFh/eaxZLdyB/JILRf6k7d2VW1CXgtx6Q3n6oA63cx9eCw==','447a3012-5281-4bbf-be86-d1ec915c1fd0','9861696748',0,0,NULL,1,0,'akshayakdash@gmail.com'),('1c658a7d-7eb6-4653-9a1b-2877be90838c','Bhairab','Meher','Rasulgarh, BBSR','E:\\Personal\\Projects\\HireMe\\JobTek\\HireMe\\CodeBase\\Server\\HireMe\\HireMe\\App_Data\\uploads\\20181104-health_plan_erd.png',NULL,'bhairab.meher@gmail.com',0,'AEBdgLDXaCnPAxdjNg0BAA+YTCLUATMHg2SseBTRKWqxXLe4gtifEsLp2Xx5BSlTNg==','f1cb03f2-3784-4ac4-9157-e80838b91e9b','9999999999',0,0,NULL,1,0,'bhairab.meher@gmail.com'),('3c61b87d-3c7f-492e-8474-148da07d052e','Agency First Name','Agency Last Name','Agency sample address','E:\\Personal\\Projects\\HireMe\\JobTek\\HireMe\\CodeBase\\Server\\HireMe\\HireMe\\App_Data\\uploads\\20181104-health_plan_erd.png',NULL,'agency1@gmail.com',0,'ADp2efk258iWNapUKASzrnUapz5+GbdGqaFo7Ienx9YLrwmqpDAEVGo64EWjNWJcwA==','10ab4ead-e5a3-45ef-8d4e-df672ca116fa','9999999999',0,0,NULL,1,0,'agency1@gmail.com'),('4c443678-ccf3-41e7-9580-a46f5f9be230','Siddharth','Ray','Khandagiri, BBSR','E:\\Personal\\Projects\\HireMe\\JobTek\\HireMe\\CodeBase\\Server\\HireMe\\HireMe\\App_Data\\uploads\\20181104-health_plan_erd.png',NULL,'siddharth.ray@gmail.com',0,'AKFwKozPKHuslXFQ3xdUmrYHXU4QMhtnHa7sJd9bnQw4BomvxPmjqdJfeHMvru1zfQ==','665cd95d-0ffc-419c-8155-58901864e27e','9999999999',0,0,NULL,1,0,'siddharth.ray@gmail.com'),('6c4e7873-967e-42f1-8466-7385c50babac','Agency 2','Agency 2 Last Name','adfa a adf','E:\\Personal\\Projects\\HireMe\\JobTek\\HireMe\\CodeBase\\Server\\HireMe\\HireMe\\App_Data\\uploads\\20181104-health_plan_erd.png',NULL,'agency2@gmail.com',0,'AFVvWASXr4qpCXFH9IxDZpX8anIuhVLI0dZYTZW5RWkuwmhGV04bNQq4hL+dG2ZldQ==','53041cf0-75f4-44b8-835a-3b2e5a85d2df','9999999999',0,0,NULL,1,0,'agency2@gmail.com'),('c6bfa92a-13c4-4ba5-b555-9c556c389389','Employer 2','Last Name','lakdjjflad alkdfjlj','E:\\Personal\\Projects\\HireMe\\JobTek\\HireMe\\CodeBase\\Server\\HireMe\\HireMe\\App_Data\\uploads\\20181104-health_plan_erd.png',NULL,'employer2@gmail.com',0,'AGpfS4MmszCd668CEDqeJkiU3EX7OrESxyqxR/MygQn10phDXpyCfpQ+ibSo9Ax34Q==','c788b82d-49a4-4358-b7d6-554fcba1bcf4','9999999999',0,0,NULL,1,0,'employer2@gmail.com');
/*!40000 ALTER TABLE `aspnetusers` ENABLE KEYS */;
UNLOCK TABLES;

--
-- Table structure for table `candidates`
--

DROP TABLE IF EXISTS `candidates`;
/*!40101 SET @saved_cs_client     = @@character_set_client */;
/*!40101 SET character_set_client = utf8 */;
CREATE TABLE `candidates` (
  `CandidateId` int(11) NOT NULL AUTO_INCREMENT,
  `AspNetUserId` varchar(128) DEFAULT NULL,
  `AgencyId` int(11) DEFAULT NULL,
  `Gender` int(11) NOT NULL,
  `Age` int(11) DEFAULT NULL,
  `ExperienceInYears` int(11) DEFAULT NULL,
  `ExperienceInMonths` int(11) DEFAULT NULL,
  `IdProofDoc` longtext,
  `IdProofDocDesc` longtext,
  `ProfileVerified` tinyint(1) NOT NULL,
  `StaffType` int(11) NOT NULL,
  `Disponibility` datetime NOT NULL,
  `CountryId` int(11) DEFAULT NULL,
  `CityId` int(11) DEFAULT NULL,
  `DistrictId` int(11) DEFAULT NULL,
  `SalaryType` int(11) NOT NULL,
  `SalaryTypeOtherDesc` longtext,
  `CanRead` tinyint(1) NOT NULL,
  `CanWrite` tinyint(1) NOT NULL,
  `ExpectedMinSalary` decimal(18,2) NOT NULL,
  `ExpectedMaxSalary` decimal(18,2) NOT NULL,
  `SleepOnSite` tinyint(1) NOT NULL,
  `ExpectedMinRooms` int(11) DEFAULT NULL,
  `ExpectedMaxRooms` int(11) DEFAULT NULL,
  `MinGroupPeople` int(11) DEFAULT NULL,
  `MaxGroupPeople` int(11) DEFAULT NULL,
  `CreatedDate` longtext,
  `CreatedBy` longtext,
  `UpdatedDate` longtext,
  `UpdatedBy` longtext,
  `AdditionalDescription` longtext,
  `UserName` longtext,
  `ProfilePicUrl` longtext,
  `FirstName` longtext,
  `LastName` longtext,
  `ContactNo` longtext,
  `EmailId` longtext,
  `Address` longtext,
  PRIMARY KEY (`CandidateId`),
  KEY `IX_AspNetUserId` (`AspNetUserId`) USING HASH,
  KEY `IX_AgencyId` (`AgencyId`) USING HASH,
  CONSTRAINT `FK_Candidates_Agencies_AgencyId` FOREIGN KEY (`AgencyId`) REFERENCES `agencies` (`AgencyId`),
  CONSTRAINT `FK_Candidates_AspNetUsers_AspNetUserId` FOREIGN KEY (`AspNetUserId`) REFERENCES `aspnetusers` (`Id`)
) ENGINE=InnoDB AUTO_INCREMENT=7 DEFAULT CHARSET=utf8;
/*!40101 SET character_set_client = @saved_cs_client */;

--
-- Dumping data for table `candidates`
--

LOCK TABLES `candidates` WRITE;
/*!40000 ALTER TABLE `candidates` DISABLE KEYS */;
INSERT INTO `candidates` VALUES (1,'17e8f579-d48d-4076-be1f-5a34dc314167',NULL,0,28,3,NULL,NULL,NULL,0,0,'2017-11-10 00:00:00',NULL,NULL,NULL,0,NULL,1,1,2500.00,5000.00,0,4,5,5,7,NULL,NULL,NULL,NULL,'xczvczvzz zfgsgfd','Akshaya','E:\\Personal\\Projects\\HireMe\\HireMe\\CodeBase\\Server\\HireMe\\HireMe\\App_Data\\uploads\\20181101-health_plan_erd.png',NULL,NULL,NULL,NULL,NULL),(6,NULL,1,0,23,5,NULL,NULL,NULL,0,1,'2018-11-10 00:00:00',NULL,NULL,NULL,0,NULL,1,1,2000.00,5000.00,1,2,6,2,6,NULL,NULL,NULL,NULL,'sdasfd asdffasdf',NULL,NULL,'Candidate@Agency2','lkjlkj','9999999999','candidate1.agency2@gmail.com','adsfasd asdadsf asdf');
/*!40000 ALTER TABLE `candidates` ENABLE KEYS */;
UNLOCK TABLES;

--
-- Table structure for table `countryjobtaskmappers`
--

DROP TABLE IF EXISTS `countryjobtaskmappers`;
/*!40101 SET @saved_cs_client     = @@character_set_client */;
/*!40101 SET character_set_client = utf8 */;
CREATE TABLE `countryjobtaskmappers` (
  `Id` int(11) NOT NULL AUTO_INCREMENT,
  `JobTaskId` int(11) NOT NULL,
  `CountryId` int(11) NOT NULL,
  PRIMARY KEY (`Id`),
  KEY `IX_JobTaskId` (`JobTaskId`) USING HASH,
  CONSTRAINT `FK_CountryJobTaskMappers_JobTasks_JobTaskId` FOREIGN KEY (`JobTaskId`) REFERENCES `jobtasks` (`JobTaskId`) ON DELETE CASCADE ON UPDATE CASCADE
) ENGINE=InnoDB DEFAULT CHARSET=utf8;
/*!40101 SET character_set_client = @saved_cs_client */;

--
-- Dumping data for table `countryjobtaskmappers`
--

LOCK TABLES `countryjobtaskmappers` WRITE;
/*!40000 ALTER TABLE `countryjobtaskmappers` DISABLE KEYS */;
/*!40000 ALTER TABLE `countryjobtaskmappers` ENABLE KEYS */;
UNLOCK TABLES;

--
-- Table structure for table `employers`
--

DROP TABLE IF EXISTS `employers`;
/*!40101 SET @saved_cs_client     = @@character_set_client */;
/*!40101 SET character_set_client = utf8 */;
CREATE TABLE `employers` (
  `EmployerId` int(11) NOT NULL AUTO_INCREMENT,
  `AspNetUserId` varchar(128) DEFAULT NULL,
  `Gender` int(11) NOT NULL,
  `CountryId` int(11) NOT NULL,
  `CityId` int(11) NOT NULL,
  `DistrictId` int(11) NOT NULL,
  `ProfileVerified` tinyint(1) NOT NULL,
  `CreatedBy` longtext,
  `CreatedDate` longtext,
  `UpdatedBy` longtext,
  `UpdatedDate` longtext,
  `ApplicationUser_Id` varchar(128) DEFAULT NULL,
  `FirstName` longtext,
  `LastName` longtext,
  PRIMARY KEY (`EmployerId`)
) ENGINE=InnoDB AUTO_INCREMENT=4 DEFAULT CHARSET=utf8;
/*!40101 SET character_set_client = @saved_cs_client */;

--
-- Dumping data for table `employers`
--

LOCK TABLES `employers` WRITE;
/*!40000 ALTER TABLE `employers` DISABLE KEYS */;
INSERT INTO `employers` VALUES (1,'4c443678-ccf3-41e7-9580-a46f5f9be230',0,0,0,0,0,NULL,NULL,NULL,NULL,'4c443678-ccf3-41e7-9580-a46f5f9be230',NULL,NULL),(2,NULL,0,0,0,0,0,NULL,NULL,NULL,NULL,NULL,NULL,NULL),(3,'c6bfa92a-13c4-4ba5-b555-9c556c389389',0,0,0,0,0,NULL,NULL,NULL,NULL,NULL,'Employer 2','Last Name');
/*!40000 ALTER TABLE `employers` ENABLE KEYS */;
UNLOCK TABLES;

--
-- Table structure for table `jobcategories`
--

DROP TABLE IF EXISTS `jobcategories`;
/*!40101 SET @saved_cs_client     = @@character_set_client */;
/*!40101 SET character_set_client = utf8 */;
CREATE TABLE `jobcategories` (
  `JobCategoryId` int(11) NOT NULL AUTO_INCREMENT,
  `CategoryName` longtext,
  `Description` longtext,
  `IconImage` longtext,
  PRIMARY KEY (`JobCategoryId`)
) ENGINE=InnoDB AUTO_INCREMENT=6 DEFAULT CHARSET=utf8;
/*!40101 SET character_set_client = @saved_cs_client */;

--
-- Dumping data for table `jobcategories`
--

LOCK TABLES `jobcategories` WRITE;
/*!40000 ALTER TABLE `jobcategories` DISABLE KEYS */;
INSERT INTO `jobcategories` VALUES (1,'Home Job','','/assets/images/home-icon.png'),(2,'Troubleshooting',NULL,'/assets/images/settings-icon.png'),(3,'HairStyle/Care',NULL,'/assets/images/salon-icon.png'),(4,'Ceremony Organization',NULL,'/assets/images/ceremony-icon.png'),(5,'Course',NULL,'/assets/images/course-icon.png');
/*!40000 ALTER TABLE `jobcategories` ENABLE KEYS */;
UNLOCK TABLES;

--
-- Table structure for table `jobofferjobtasks`
--

DROP TABLE IF EXISTS `jobofferjobtasks`;
/*!40101 SET @saved_cs_client     = @@character_set_client */;
/*!40101 SET character_set_client = utf8 */;
CREATE TABLE `jobofferjobtasks` (
  `Id` int(11) NOT NULL AUTO_INCREMENT,
  `JobOfferId` int(11) NOT NULL,
  `EmployerId` int(11) NOT NULL,
  `JobTaskId` int(11) NOT NULL,
  `TaskResponse` longtext,
  `TaskResponseAdditionalDescription` longtext,
  PRIMARY KEY (`Id`),
  KEY `IX_JobOfferId` (`JobOfferId`) USING HASH,
  KEY `IX_JobTaskId` (`JobTaskId`) USING HASH,
  CONSTRAINT `FK_JobOfferJobTasks_JobOffers_JobOfferId` FOREIGN KEY (`JobOfferId`) REFERENCES `joboffers` (`JobOfferId`) ON DELETE CASCADE ON UPDATE CASCADE,
  CONSTRAINT `FK_JobOfferJobTasks_JobTasks_JobTaskId` FOREIGN KEY (`JobTaskId`) REFERENCES `jobtasks` (`JobTaskId`) ON DELETE CASCADE ON UPDATE CASCADE
) ENGINE=InnoDB AUTO_INCREMENT=16 DEFAULT CHARSET=utf8;
/*!40101 SET character_set_client = @saved_cs_client */;

--
-- Dumping data for table `jobofferjobtasks`
--

LOCK TABLES `jobofferjobtasks` WRITE;
/*!40000 ALTER TABLE `jobofferjobtasks` DISABLE KEYS */;
INSERT INTO `jobofferjobtasks` VALUES (1,1,0,1,NULL,NULL),(2,1,0,2,NULL,NULL),(3,1,0,3,NULL,NULL),(4,1,0,4,NULL,NULL),(5,1,0,5,NULL,NULL),(6,2,0,1,NULL,NULL),(7,2,0,2,NULL,NULL),(8,2,0,3,NULL,NULL),(9,2,0,4,NULL,NULL),(10,2,0,5,NULL,NULL),(11,3,0,1,NULL,NULL),(12,3,0,2,NULL,NULL),(13,3,0,3,NULL,NULL),(14,3,0,4,NULL,NULL),(15,3,0,5,NULL,NULL);
/*!40000 ALTER TABLE `jobofferjobtasks` ENABLE KEYS */;
UNLOCK TABLES;

--
-- Table structure for table `joboffers`
--

DROP TABLE IF EXISTS `joboffers`;
/*!40101 SET @saved_cs_client     = @@character_set_client */;
/*!40101 SET character_set_client = utf8 */;
CREATE TABLE `joboffers` (
  `JobOfferId` int(11) NOT NULL AUTO_INCREMENT,
  `JobId` int(11) NOT NULL,
  `EmployerId` int(11) NOT NULL,
  `Gender` int(11) NOT NULL,
  `Age` int(11) NOT NULL,
  `ExperienceInYears` int(11) NOT NULL,
  `ExperienceInMonths` int(11) NOT NULL,
  `IdProofDoc` longtext,
  `IdProofDocDesc` longtext,
  `ProfileVerified` tinyint(1) NOT NULL,
  `StaffType` int(11) NOT NULL,
  `Disponibility` datetime NOT NULL,
  `CountryId` int(11) NOT NULL,
  `CityId` int(11) NOT NULL,
  `DistrictId` int(11) NOT NULL,
  `SalaryType` int(11) NOT NULL,
  `SalaryTypeOtherDesc` longtext,
  `CanRead` tinyint(1) NOT NULL,
  `CanWrite` tinyint(1) NOT NULL,
  `ExpectedMinSalary` decimal(18,2) NOT NULL,
  `ExpectedMaxSalary` decimal(18,2) NOT NULL,
  `SleepOnSite` tinyint(1) NOT NULL,
  `ExpectedMinRooms` int(11) NOT NULL,
  `ExpectedMaxRooms` int(11) NOT NULL,
  `MinGroupPeople` int(11) NOT NULL,
  `MaxGroupPeople` int(11) NOT NULL,
  `PublishedDate` datetime NOT NULL,
  `ValidTill` datetime NOT NULL,
  `IsPublished` tinyint(1) NOT NULL,
  `MinAge` int(11) NOT NULL,
  `MaxAge` int(11) NOT NULL,
  `AdditionalDescription` longtext,
  PRIMARY KEY (`JobOfferId`),
  KEY `IX_EmployerId` (`EmployerId`) USING HASH,
  CONSTRAINT `FK_JobOffers_Employers_EmployerId` FOREIGN KEY (`EmployerId`) REFERENCES `employers` (`EmployerId`) ON DELETE CASCADE ON UPDATE CASCADE
) ENGINE=InnoDB AUTO_INCREMENT=4 DEFAULT CHARSET=utf8;
/*!40101 SET character_set_client = @saved_cs_client */;

--
-- Dumping data for table `joboffers`
--

LOCK TABLES `joboffers` WRITE;
/*!40000 ALTER TABLE `joboffers` DISABLE KEYS */;
INSERT INTO `joboffers` VALUES (1,1,1,0,0,5,0,NULL,NULL,0,1,'2018-11-10 00:00:00',0,0,0,0,NULL,1,1,2000.00,5000.00,1,5,7,2,7,'2018-11-04 04:57:20','0001-01-01 00:00:00',1,20,30,NULL),(2,1,2,0,0,5,0,NULL,NULL,0,0,'0001-01-01 00:00:00',0,0,0,0,NULL,1,1,2000.00,5000.00,1,2,8,2,8,'2018-11-04 15:20:41','0001-01-01 00:00:00',1,25,30,NULL),(3,1,3,0,0,5,0,NULL,NULL,0,0,'2017-10-01 00:00:00',0,0,0,0,NULL,1,1,2000.00,5000.00,1,5,7,2,9,'2018-11-04 16:04:08','0001-01-01 00:00:00',1,25,30,'I am looking for a Nanny');
/*!40000 ALTER TABLE `joboffers` ENABLE KEYS */;
UNLOCK TABLES;

--
-- Table structure for table `jobrequestjobtasks`
--

DROP TABLE IF EXISTS `jobrequestjobtasks`;
/*!40101 SET @saved_cs_client     = @@character_set_client */;
/*!40101 SET character_set_client = utf8 */;
CREATE TABLE `jobrequestjobtasks` (
  `Id` int(11) NOT NULL AUTO_INCREMENT,
  `JobRequestId` int(11) NOT NULL,
  `JobTaskId` int(11) NOT NULL,
  `TaskResponse` longtext,
  `TaskResponseAdditionalDescription` longtext,
  PRIMARY KEY (`Id`),
  KEY `IX_JobRequestId` (`JobRequestId`) USING HASH,
  KEY `IX_JobTaskId` (`JobTaskId`) USING HASH,
  CONSTRAINT `FK_JobRequestJobTasks_JobRequests_JobRequestId` FOREIGN KEY (`JobRequestId`) REFERENCES `jobrequests` (`JobRequestId`) ON DELETE CASCADE ON UPDATE CASCADE,
  CONSTRAINT `FK_JobRequestJobTasks_JobTasks_JobTaskId` FOREIGN KEY (`JobTaskId`) REFERENCES `jobtasks` (`JobTaskId`) ON DELETE CASCADE ON UPDATE CASCADE
) ENGINE=InnoDB AUTO_INCREMENT=13 DEFAULT CHARSET=utf8;
/*!40101 SET character_set_client = @saved_cs_client */;

--
-- Dumping data for table `jobrequestjobtasks`
--

LOCK TABLES `jobrequestjobtasks` WRITE;
/*!40000 ALTER TABLE `jobrequestjobtasks` DISABLE KEYS */;
INSERT INTO `jobrequestjobtasks` VALUES (1,1,1,NULL,NULL),(2,1,2,NULL,NULL),(3,1,3,NULL,NULL),(4,1,4,NULL,NULL),(9,3,1,'dfssg sfdgsdfg sfdgsdg',NULL),(10,3,2,'asdfasf',NULL),(11,3,3,'adsfas',NULL),(12,3,4,'adsfsaf',NULL);
/*!40000 ALTER TABLE `jobrequestjobtasks` ENABLE KEYS */;
UNLOCK TABLES;

--
-- Table structure for table `jobrequests`
--

DROP TABLE IF EXISTS `jobrequests`;
/*!40101 SET @saved_cs_client     = @@character_set_client */;
/*!40101 SET character_set_client = utf8 */;
CREATE TABLE `jobrequests` (
  `JobRequestId` int(11) NOT NULL AUTO_INCREMENT,
  `CandidateId` int(11) NOT NULL,
  `JobId` int(11) NOT NULL,
  `IsPublished` tinyint(1) NOT NULL,
  `PublishedDate` datetime NOT NULL,
  `ValidTill` datetime NOT NULL,
  `JobRequestDescription` longtext,
  PRIMARY KEY (`JobRequestId`),
  KEY `IX_CandidateId` (`CandidateId`) USING HASH,
  KEY `IX_JobId` (`JobId`) USING HASH,
  CONSTRAINT `FK_JobRequests_Candidates_CandidateId` FOREIGN KEY (`CandidateId`) REFERENCES `candidates` (`CandidateId`) ON DELETE CASCADE ON UPDATE CASCADE,
  CONSTRAINT `FK_JobRequests_Jobs_JobId` FOREIGN KEY (`JobId`) REFERENCES `jobs` (`JobId`) ON DELETE CASCADE ON UPDATE CASCADE
) ENGINE=InnoDB AUTO_INCREMENT=4 DEFAULT CHARSET=utf8;
/*!40101 SET character_set_client = @saved_cs_client */;

--
-- Dumping data for table `jobrequests`
--

LOCK TABLES `jobrequests` WRITE;
/*!40000 ALTER TABLE `jobrequests` DISABLE KEYS */;
INSERT INTO `jobrequests` VALUES (1,1,1,1,'2018-11-04 01:38:04','0001-01-01 00:00:00','xczvczvzz zfgsgfd'),(3,6,1,1,'2018-11-04 14:37:54','0001-01-01 00:00:00','sdasfd asdffasdf');
/*!40000 ALTER TABLE `jobrequests` ENABLE KEYS */;
UNLOCK TABLES;

--
-- Table structure for table `jobs`
--

DROP TABLE IF EXISTS `jobs`;
/*!40101 SET @saved_cs_client     = @@character_set_client */;
/*!40101 SET character_set_client = utf8 */;
CREATE TABLE `jobs` (
  `JobId` int(11) NOT NULL AUTO_INCREMENT,
  `JobName` longtext,
  `JobCategoryId` int(11) NOT NULL,
  `JobDesc` longtext,
  `IconImage` longtext,
  `JobGroup` longtext,
  PRIMARY KEY (`JobId`),
  KEY `IX_JobCategoryId` (`JobCategoryId`) USING HASH,
  CONSTRAINT `FK_Jobs_JobCategories_JobCategoryId` FOREIGN KEY (`JobCategoryId`) REFERENCES `jobcategories` (`JobCategoryId`) ON DELETE CASCADE ON UPDATE CASCADE
) ENGINE=InnoDB AUTO_INCREMENT=12 DEFAULT CHARSET=utf8;
/*!40101 SET character_set_client = @saved_cs_client */;

--
-- Dumping data for table `jobs`
--

LOCK TABLES `jobs` WRITE;
/*!40000 ALTER TABLE `jobs` DISABLE KEYS */;
INSERT INTO `jobs` VALUES (1,'Nanny',1,NULL,NULL,'Internal Home Job'),(2,'Cook',1,NULL,NULL,'Internal Home Job'),(3,'Guardian',1,NULL,NULL,'External Home Job'),(4,'Plumber',2,NULL,NULL,NULL),(5,'Electrician',2,NULL,NULL,NULL),(6,'Hair Dresser',3,NULL,NULL,NULL),(7,'Manicure/Pedicure/Massage',3,NULL,NULL,NULL),(8,'Server/Caterer',4,NULL,NULL,NULL),(9,'Decorator',4,NULL,NULL,NULL),(10,'School Support',5,NULL,NULL,NULL),(11,'Music Course',5,NULL,NULL,NULL);
/*!40000 ALTER TABLE `jobs` ENABLE KEYS */;
UNLOCK TABLES;

--
-- Table structure for table `jobtasks`
--

DROP TABLE IF EXISTS `jobtasks`;
/*!40101 SET @saved_cs_client     = @@character_set_client */;
/*!40101 SET character_set_client = utf8 */;
CREATE TABLE `jobtasks` (
  `JobTaskId` int(11) NOT NULL AUTO_INCREMENT,
  `JobId` int(11) NOT NULL,
  `JobTaskName` longtext,
  `JobTaskDescription` longtext,
  `TaskSectionName` longtext,
  `TaskGroupName` longtext,
  `TaskParamType` int(11) NOT NULL,
  `TaskParamValueType` int(11) NOT NULL,
  `ParamAvailableOptions` longtext,
  `ParentJobTaskId` int(11) DEFAULT NULL,
  PRIMARY KEY (`JobTaskId`),
  KEY `IX_JobId` (`JobId`) USING HASH,
  KEY `IX_ParentJobTaskId` (`ParentJobTaskId`) USING HASH,
  CONSTRAINT `FK_JobTasks_JobTasks_ParentJobTaskId` FOREIGN KEY (`ParentJobTaskId`) REFERENCES `jobtasks` (`JobTaskId`),
  CONSTRAINT `FK_JobTasks_Jobs_JobId` FOREIGN KEY (`JobId`) REFERENCES `jobs` (`JobId`) ON DELETE CASCADE ON UPDATE CASCADE
) ENGINE=InnoDB AUTO_INCREMENT=9 DEFAULT CHARSET=utf8;
/*!40101 SET character_set_client = @saved_cs_client */;

--
-- Dumping data for table `jobtasks`
--

LOCK TABLES `jobtasks` WRITE;
/*!40000 ALTER TABLE `jobtasks` DISABLE KEYS */;
INSERT INTO `jobtasks` VALUES (1,1,'Cleaning',NULL,NULL,NULL,1,0,NULL,NULL),(2,1,'Cooking',NULL,NULL,NULL,1,0,NULL,NULL),(3,1,'African Food',NULL,NULL,NULL,1,0,NULL,2),(4,1,'Sauce',NULL,NULL,NULL,1,0,NULL,3),(5,1,'Grill',NULL,NULL,NULL,1,0,NULL,3),(6,1,'European Food',NULL,NULL,NULL,1,0,NULL,2),(7,1,'Oven',NULL,NULL,NULL,1,0,NULL,6),(8,1,'Dessert',NULL,NULL,NULL,1,0,NULL,6);
/*!40000 ALTER TABLE `jobtasks` ENABLE KEYS */;
UNLOCK TABLES;

--
-- Table structure for table `jobtek.candidatefavouritejoboffer`
--

DROP TABLE IF EXISTS `jobtek.candidatefavouritejoboffer`;
/*!40101 SET @saved_cs_client     = @@character_set_client */;
/*!40101 SET character_set_client = utf8 */;
CREATE TABLE `jobtek.candidatefavouritejoboffer` (
  `CandidateId` int(11) NOT NULL,
  `JobOfferId` int(11) NOT NULL,
  PRIMARY KEY (`CandidateId`,`JobOfferId`),
  KEY `IX_CandidateId` (`CandidateId`) USING HASH,
  KEY `IX_JobOfferId` (`JobOfferId`) USING HASH,
  CONSTRAINT `FK_jobtek.CandidateFavouriteJobOffer_Candidates_CandidateId` FOREIGN KEY (`CandidateId`) REFERENCES `candidates` (`CandidateId`) ON DELETE CASCADE ON UPDATE CASCADE,
  CONSTRAINT `FK_jobtek.CandidateFavouriteJobOffer_JobOffers_JobOfferId` FOREIGN KEY (`JobOfferId`) REFERENCES `joboffers` (`JobOfferId`) ON DELETE CASCADE ON UPDATE CASCADE
) ENGINE=InnoDB DEFAULT CHARSET=utf8;
/*!40101 SET character_set_client = @saved_cs_client */;

--
-- Dumping data for table `jobtek.candidatefavouritejoboffer`
--

LOCK TABLES `jobtek.candidatefavouritejoboffer` WRITE;
/*!40000 ALTER TABLE `jobtek.candidatefavouritejoboffer` DISABLE KEYS */;
/*!40000 ALTER TABLE `jobtek.candidatefavouritejoboffer` ENABLE KEYS */;
UNLOCK TABLES;

--
-- Table structure for table `jobtek.employerfavouritejobrequest`
--

DROP TABLE IF EXISTS `jobtek.employerfavouritejobrequest`;
/*!40101 SET @saved_cs_client     = @@character_set_client */;
/*!40101 SET character_set_client = utf8 */;
CREATE TABLE `jobtek.employerfavouritejobrequest` (
  `CandidateId` int(11) NOT NULL,
  `JobRequestId` int(11) NOT NULL,
  PRIMARY KEY (`CandidateId`,`JobRequestId`),
  KEY `IX_CandidateId` (`CandidateId`) USING HASH,
  KEY `IX_JobRequestId` (`JobRequestId`) USING HASH,
  CONSTRAINT `FK_dc9ed1ce69f549e484d133adfd15cbd9` FOREIGN KEY (`JobRequestId`) REFERENCES `jobrequests` (`JobRequestId`) ON DELETE CASCADE ON UPDATE CASCADE,
  CONSTRAINT `FK_jobtek.EmployerFavouriteJobRequest_Employers_CandidateId` FOREIGN KEY (`CandidateId`) REFERENCES `employers` (`EmployerId`) ON DELETE CASCADE ON UPDATE CASCADE
) ENGINE=InnoDB DEFAULT CHARSET=utf8;
/*!40101 SET character_set_client = @saved_cs_client */;

--
-- Dumping data for table `jobtek.employerfavouritejobrequest`
--

LOCK TABLES `jobtek.employerfavouritejobrequest` WRITE;
/*!40000 ALTER TABLE `jobtek.employerfavouritejobrequest` DISABLE KEYS */;
/*!40000 ALTER TABLE `jobtek.employerfavouritejobrequest` ENABLE KEYS */;
UNLOCK TABLES;

--
-- Table structure for table `securityquestions`
--

DROP TABLE IF EXISTS `securityquestions`;
/*!40101 SET @saved_cs_client     = @@character_set_client */;
/*!40101 SET character_set_client = utf8 */;
CREATE TABLE `securityquestions` (
  `SecurityQuestionId` int(11) NOT NULL AUTO_INCREMENT,
  `Question` longtext,
  `AnswerType` int(11) NOT NULL,
  PRIMARY KEY (`SecurityQuestionId`)
) ENGINE=InnoDB AUTO_INCREMENT=3 DEFAULT CHARSET=utf8;
/*!40101 SET character_set_client = @saved_cs_client */;

--
-- Dumping data for table `securityquestions`
--

LOCK TABLES `securityquestions` WRITE;
/*!40000 ALTER TABLE `securityquestions` DISABLE KEYS */;
INSERT INTO `securityquestions` VALUES (1,'What is your favourite movie ?',0),(2,'What is your favourite food ?',0);
/*!40000 ALTER TABLE `securityquestions` ENABLE KEYS */;
UNLOCK TABLES;
/*!40103 SET TIME_ZONE=@OLD_TIME_ZONE */;

/*!40101 SET SQL_MODE=@OLD_SQL_MODE */;
/*!40014 SET FOREIGN_KEY_CHECKS=@OLD_FOREIGN_KEY_CHECKS */;
/*!40014 SET UNIQUE_CHECKS=@OLD_UNIQUE_CHECKS */;
/*!40101 SET CHARACTER_SET_CLIENT=@OLD_CHARACTER_SET_CLIENT */;
/*!40101 SET CHARACTER_SET_RESULTS=@OLD_CHARACTER_SET_RESULTS */;
/*!40101 SET COLLATION_CONNECTION=@OLD_COLLATION_CONNECTION */;
/*!40111 SET SQL_NOTES=@OLD_SQL_NOTES */;

-- Dump completed on 2018-11-04 16:11:44
